alias,status,nodeCount,username,neutronManagementNetworkName,healthStatus,clusterMode,createdAt,driverUrl,serverVersion,archType,redisSentinelVip,availabilityZone,instanceName,internalIp,cpu,ram,disk
HNSJYT-DJG-redis-135-004,ACTIVE,8,sztzyjy,jyt-134-0-23,HEALTHY,2,2025/9/19 16:20,"10.148.135.171:7001,10.148.135.172:7001,10.148.135.173:7001,10.148.135.174:7001,10.148.135.175:7001,10.148.135.176:7001,10.148.135.169:7001,10.148.135.170:7001",4.0.14,x86,,HLW_HG4_Domain01,redis5vjj13aa-redis-core-4-28dcd-0,10.148.135.174,2,4,100
HNSJYT-DJG-redis-135-004,ACTIVE,8,sztzyjy,jyt-134-0-23,HEALTHY,2,2025/9/19 16:20,"10.148.135.171:7001,10.148.135.172:7001,10.148.135.173:7001,10.148.135.174:7001,10.148.135.175:7001,10.148.135.176:7001,10.148.135.169:7001,10.148.135.170:7001",4.0.14,x86,,HLW_HG4_Domain01,redis5vjj13aa-redis-core-5-3de1f-0,10.148.135.175,2,4,100
HNSJYT-DJG-redis-135-004,ACTIVE,8,sztzyjy,jyt-134-0-23,HEALTHY,2,2025/9/19 16:20,"10.148.135.171:7001,10.148.135.172:7001,10.148.135.173:7001,10.148.135.174:7001,10.148.135.175:7001,10.148.135.176:7001,10.148.135.169:7001,10.148.135.170:7001",4.0.14,x86,,HLW_HG4_Domain01,redis5vjj13aa-redis-core-6-1af51-0,10.148.135.176,2,4,100
HNSJYT-DJG-redis-135-004,ACTIVE,8,sztzyjy,jyt-134-0-23,HEALTHY,2,2025/9/19 16:20,"10.148.135.171:7001,10.148.135.172:7001,10.148.135.173:7001,10.148.135.174:7001,10.148.135.175:7001,10.148.135.176:7001,10.148.135.169:7001,10.148.135.170:7001",4.0.14,x86,,HLW_HG4_Domain01,redis5vjj13aa-redis-master-2-21f9b-0,10.148.135.170,2,4,100
HNSJYT-DJG-redis-135-004,ACTIVE,8,sztzyjy,jyt-134-0-23,HEALTHY,2,2025/9/19 16:20,"10.148.135.171:7001,10.148.135.172:7001,10.148.135.173:7001,10.148.135.174:7001,10.148.135.175:7001,10.148.135.176:7001,10.148.135.169:7001,10.148.135.170:7001",4.0.14,x86,,HLW_HG4_Domain01,redis5vjj13aa-redis-core-1-2e65b-0,10.148.135.171,2,4,100
HNSJYT-DJG-redis-135-004,ACTIVE,8,sztzyjy,jyt-134-0-23,HEALTHY,2,2025/9/19 16:20,"10.148.135.171:7001,10.148.135.172:7001,10.148.135.173:7001,10.148.135.174:7001,10.148.135.175:7001,10.148.135.176:7001,10.148.135.169:7001,10.148.135.170:7001",4.0.14,x86,,HLW_HG4_Domain01,redis5vjj13aa-redis-core-2-e57d6-0,10.148.135.172,2,4,100
HNSJYT-DJG-redis-135-004,ACTIVE,8,sztzyjy,jyt-134-0-23,HEALTHY,2,2025/9/19 16:20,"10.148.135.171:7001,10.148.135.172:7001,10.148.135.173:7001,10.148.135.174:7001,10.148.135.175:7001,10.148.135.176:7001,10.148.135.169:7001,10.148.135.170:7001",4.0.14,x86,,HLW_HG4_Domain01,redis5vjj13aa-redis-master-1-eee94-0,10.148.135.169,2,4,100
HNSJYT-DJG-redis-135-004,ACTIVE,8,sztzyjy,jyt-134-0-23,HEALTHY,2,2025/9/19 16:20,"10.148.135.171:7001,10.148.135.172:7001,10.148.135.173:7001,10.148.135.174:7001,10.148.135.175:7001,10.148.135.176:7001,10.148.135.169:7001,10.148.135.170:7001",4.0.14,x86,,HLW_HG4_Domain01,redis5vjj13aa-redis-core-3-67a29-0,10.148.135.173,2,4,100
HNSJYT-DJG-redis-134-069,ACTIVE,3,sztzyjy,jyt-134-0-23,HEALTHY,1,2025/9/19 15:55,"10.148.134.208:27001,10.148.134.206:27001,10.148.134.207:27001",4.0.14,x86,10.148.135.135:7001,HLW_HG4_Domain01,redislahm4xip-redis-core-1-f2f69-0,10.148.134.208,2,4,50
HNSJYT-DJG-redis-134-069,ACTIVE,3,sztzyjy,jyt-134-0-23,HEALTHY,1,2025/9/19 15:55,"10.148.134.208:27001,10.148.134.206:27001,10.148.134.207:27001",4.0.14,x86,10.148.135.135:7001,HLW_HG4_Domain01,redislahm4xip-redis-master-1-807c7-0,10.148.134.206,2,4,100
HNSJYT-DJG-redis-134-069,ACTIVE,3,sztzyjy,jyt-134-0-23,HEALTHY,1,2025/9/19 15:55,"10.148.134.208:27001,10.148.134.206:27001,10.148.134.207:27001",4.0.14,x86,10.148.135.135:7001,HLW_HG4_Domain01,redislahm4xip-redis-master-2-7329e-0,10.148.134.207,2,4,100
HNSJYT-DJG-redis-134-068,ACTIVE,3,sztzyjy,jyt-134-0-23,HEALTHY,1,2025/9/19 15:54,"10.148.134.205:27001,10.148.134.203:27001,10.148.134.204:27001",4.0.14,x86,10.148.135.134:7001,HLW_HG4_Domain01,redistgsjypt8-redis-master-1-31d32-0,10.148.134.203,2,4,100
HNSJYT-DJG-redis-134-068,ACTIVE,3,sztzyjy,jyt-134-0-23,HEALTHY,1,2025/9/19 15:54,"10.148.134.205:27001,10.148.134.203:27001,10.148.134.204:27001",4.0.14,x86,10.148.135.134:7001,HLW_HG4_Domain01,redistgsjypt8-redis-master-2-2dd87-0,10.148.134.204,2,4,100
HNSJYT-DJG-redis-134-068,ACTIVE,3,sztzyjy,jyt-134-0-23,HEALTHY,1,2025/9/19 15:54,"10.148.134.205:27001,10.148.134.203:27001,10.148.134.204:27001",4.0.14,x86,10.148.135.134:7001,HLW_HG4_Domain01,redistgsjypt8-redis-core-1-05e5a-0,10.148.134.205,2,4,50
HNSJYT-DJG-redis-134-067,ACTIVE,3,sztzyjy,jyt-134-0-23,HEALTHY,1,2025/9/19 15:52,"10.148.134.202:27001,10.148.134.200:27001,10.148.134.201:27001",4.0.14,x86,10.148.135.133:7001,HLW_HG4_Domain01,redis9n5zyeeg-redis-master-1-6e6ad-0,10.148.134.200,2,4,100
HNSJYT-DJG-redis-134-067,ACTIVE,3,sztzyjy,jyt-134-0-23,HEALTHY,1,2025/9/19 15:52,"10.148.134.202:27001,10.148.134.200:27001,10.148.134.201:27001",4.0.14,x86,10.148.135.133:7001,HLW_HG4_Domain01,redis9n5zyeeg-redis-master-2-0ddaf-0,10.148.134.201,2,4,100
HNSJYT-DJG-redis-134-067,ACTIVE,3,sztzyjy,jyt-134-0-23,HEALTHY,1,2025/9/19 15:52,"10.148.134.202:27001,10.148.134.200:27001,10.148.134.201:27001",4.0.14,x86,10.148.135.133:7001,HLW_HG4_Domain01,redis9n5zyeeg-redis-core-1-2ea62-0,10.148.134.202,2,4,50
HNSJYT-DJG-redis-134-066,ACTIVE,3,sztzyjy,jyt-134-0-23,HEALTHY,1,2025/9/19 15:50,"10.148.134.199:27001,10.148.134.197:27001,10.148.134.198:27001",4.0.14,x86,10.148.135.132:7001,HLW_HG4_Domain01,redisfzujghxn-redis-master-1-9b257-0,10.148.134.197,2,4,100
HNSJYT-DJG-redis-134-066,ACTIVE,3,sztzyjy,jyt-134-0-23,HEALTHY,1,2025/9/19 15:50,"10.148.134.199:27001,10.148.134.197:27001,10.148.134.198:27001",4.0.14,x86,10.148.135.132:7001,HLW_HG4_Domain01,redisfzujghxn-redis-master-2-1914b-0,10.148.134.198,2,4,100
HNSJYT-DJG-redis-134-066,ACTIVE,3,sztzyjy,jyt-134-0-23,HEALTHY,1,2025/9/19 15:50,"10.148.134.199:27001,10.148.134.197:27001,10.148.134.198:27001",4.0.14,x86,10.148.135.132:7001,HLW_HG4_Domain01,redisfzujghxn-redis-core-1-43dd9-0,10.148.134.199,2,4,50
HNSJYT-DJG-redis-134-065,ACTIVE,3,sztzyjy,jyt-134-0-23,HEALTHY,1,2025/9/19 15:49,"10.148.134.196:27001,10.148.134.194:27001,10.148.134.195:27001",4.0.14,x86,10.148.135.131:7001,HLW_HG4_Domain01,redis33l34lgl-redis-core-1-de31d-0,10.148.134.196,2,4,50
HNSJYT-DJG-redis-134-065,ACTIVE,3,sztzyjy,jyt-134-0-23,HEALTHY,1,2025/9/19 15:49,"10.148.134.196:27001,10.148.134.194:27001,10.148.134.195:27001",4.0.14,x86,10.148.135.131:7001,HLW_HG4_Domain01,redis33l34lgl-redis-master-2-0ec8b-0,10.148.134.195,2,4,100
HNSJYT-DJG-redis-134-065,ACTIVE,3,sztzyjy,jyt-134-0-23,HEALTHY,1,2025/9/19 15:49,"10.148.134.196:27001,10.148.134.194:27001,10.148.134.195:27001",4.0.14,x86,10.148.135.131:7001,HLW_HG4_Domain01,redis33l34lgl-redis-master-1-cf355-0,10.148.134.194,2,4,100
HNSJYT-DJG-redis-134-064,ACTIVE,3,sztzyjy,jyt-134-0-23,HEALTHY,1,2025/9/19 15:48,"10.148.134.193:27001,10.148.134.191:27001,10.148.134.192:27001",4.0.14,x86,10.148.135.130:7001,HLW_HG4_Domain01,redisnkaynegn-redis-master-1-eb53f-0,10.148.134.191,2,4,100
HNSJYT-DJG-redis-134-064,ACTIVE,3,sztzyjy,jyt-134-0-23,HEALTHY,1,2025/9/19 15:48,"10.148.134.193:27001,10.148.134.191:27001,10.148.134.192:27001",4.0.14,x86,10.148.135.130:7001,HLW_HG4_Domain01,redisnkaynegn-redis-master-2-81ae0-0,10.148.134.192,2,4,100
HNSJYT-DJG-redis-134-064,ACTIVE,3,sztzyjy,jyt-134-0-23,HEALTHY,1,2025/9/19 15:48,"10.148.134.193:27001,10.148.134.191:27001,10.148.134.192:27001",4.0.14,x86,10.148.135.130:7001,HLW_HG4_Domain01,redisnkaynegn-redis-core-1-79c39-0,10.148.134.193,2,4,50
HNSJYT-DJG-redis-134-063,ACTIVE,3,sztzyjy,jyt-134-0-23,HEALTHY,1,2025/9/19 15:46,"10.148.134.190:27001,10.148.134.188:27001,10.148.134.189:27001",4.0.14,x86,10.148.135.129:7001,HLW_HG4_Domain01,redis080y1kr4-redis-master-1-02002-0,10.148.134.188,2,4,100
HNSJYT-DJG-redis-134-063,ACTIVE,3,sztzyjy,jyt-134-0-23,HEALTHY,1,2025/9/19 15:46,"10.148.134.190:27001,10.148.134.188:27001,10.148.134.189:27001",4.0.14,x86,10.148.135.129:7001,HLW_HG4_Domain01,redis080y1kr4-redis-master-2-4ebcc-0,10.148.134.189,2,4,100
HNSJYT-DJG-redis-134-063,ACTIVE,3,sztzyjy,jyt-134-0-23,HEALTHY,1,2025/9/19 15:46,"10.148.134.190:27001,10.148.134.188:27001,10.148.134.189:27001",4.0.14,x86,10.148.135.129:7001,HLW_HG4_Domain01,redis080y1kr4-redis-core-1-99e77-0,10.148.134.190,2,4,50
HNSJYT-DJG-redis-134-062,ACTIVE,3,sztzyjy,jyt-134-0-23,HEALTHY,1,2025/9/19 15:44,"10.148.134.187:27001,10.148.134.185:27001,10.148.134.186:27001",4.0.14,x86,10.148.135.128:7001,HLW_HG4_Domain01,redisujm5ezg0-redis-master-2-e8559-0,10.148.134.186,2,4,100
HNSJYT-DJG-redis-134-062,ACTIVE,3,sztzyjy,jyt-134-0-23,HEALTHY,1,2025/9/19 15:44,"10.148.134.187:27001,10.148.134.185:27001,10.148.134.186:27001",4.0.14,x86,10.148.135.128:7001,HLW_HG4_Domain01,redisujm5ezg0-redis-core-1-519eb-0,10.148.134.187,2,4,50
HNSJYT-DJG-redis-134-062,ACTIVE,3,sztzyjy,jyt-134-0-23,HEALTHY,1,2025/9/19 15:44,"10.148.134.187:27001,10.148.134.185:27001,10.148.134.186:27001",4.0.14,x86,10.148.135.128:7001,HLW_HG4_Domain01,redisujm5ezg0-redis-master-1-5c1b2-0,10.148.134.185,2,4,100
HNSJYT-DJG-redis-134-061,ACTIVE,3,sztzyjy,jyt-134-0-23,HEALTHY,1,2025/9/19 15:42,"10.148.134.184:27001,10.148.134.182:27001,10.148.134.183:27001",4.0.14,x86,10.148.135.127:7001,HLW_HG4_Domain01,redisula8z1ut-redis-master-2-d34f0-0,10.148.134.183,2,4,100
HNSJYT-DJG-redis-134-061,ACTIVE,3,sztzyjy,jyt-134-0-23,HEALTHY,1,2025/9/19 15:42,"10.148.134.184:27001,10.148.134.182:27001,10.148.134.183:27001",4.0.14,x86,10.148.135.127:7001,HLW_HG4_Domain01,redisula8z1ut-redis-core-1-920ae-0,10.148.134.184,2,4,50
HNSJYT-DJG-redis-134-061,ACTIVE,3,sztzyjy,jyt-134-0-23,HEALTHY,1,2025/9/19 15:42,"10.148.134.184:27001,10.148.134.182:27001,10.148.134.183:27001",4.0.14,x86,10.148.135.127:7001,HLW_HG4_Domain01,redisula8z1ut-redis-master-1-01da8-0,10.148.134.182,2,4,100
HNSJYT-DJG-redis-134-060,ACTIVE,3,sztzyjy,jyt-134-0-23,HEALTHY,1,2025/9/19 15:42,"10.148.134.181:27001,10.148.134.179:27001,10.148.134.180:27001",4.0.14,x86,10.148.135.126:7001,HLW_HG4_Domain01,redisauwk2pey-redis-master-1-ed6e4-0,10.148.134.179,2,4,100
HNSJYT-DJG-redis-134-060,ACTIVE,3,sztzyjy,jyt-134-0-23,HEALTHY,1,2025/9/19 15:42,"10.148.134.181:27001,10.148.134.179:27001,10.148.134.180:27001",4.0.14,x86,10.148.135.126:7001,HLW_HG4_Domain01,redisauwk2pey-redis-master-2-9d9f2-0,10.148.134.180,2,4,100
HNSJYT-DJG-redis-134-060,ACTIVE,3,sztzyjy,jyt-134-0-23,HEALTHY,1,2025/9/19 15:42,"10.148.134.181:27001,10.148.134.179:27001,10.148.134.180:27001",4.0.14,x86,10.148.135.126:7001,HLW_HG4_Domain01,redisauwk2pey-redis-core-1-5e5c5-0,10.148.134.181,2,4,50
HNSJYT-DJG-redis-134-059,ACTIVE,3,sztzyjy,jyt-134-0-23,HEALTHY,1,2025/9/19 15:39,"10.148.134.178:27001,10.148.134.176:27001,10.148.134.177:27001",4.0.14,x86,10.148.135.125:7001,HLW_HG4_Domain01,redisnjdfqbl8-redis-master-1-cd788-0,10.148.134.176,2,4,100
HNSJYT-DJG-redis-134-059,ACTIVE,3,sztzyjy,jyt-134-0-23,HEALTHY,1,2025/9/19 15:39,"10.148.134.178:27001,10.148.134.176:27001,10.148.134.177:27001",4.0.14,x86,10.148.135.125:7001,HLW_HG4_Domain01,redisnjdfqbl8-redis-core-1-552ff-0,10.148.134.178,2,4,50
HNSJYT-DJG-redis-134-059,ACTIVE,3,sztzyjy,jyt-134-0-23,HEALTHY,1,2025/9/19 15:39,"10.148.134.178:27001,10.148.134.176:27001,10.148.134.177:27001",4.0.14,x86,10.148.135.125:7001,HLW_HG4_Domain01,redisnjdfqbl8-redis-master-2-00fad-0,10.148.134.177,2,4,100
HNSJYT-DJG-redis-134-058,ACTIVE,3,sztzyjy,jyt-134-0-23,HEALTHY,1,2025/9/19 15:37,"10.148.134.175:27001,10.148.134.173:27001,10.148.134.174:27001",4.0.14,x86,10.148.135.124:7001,HLW_HG4_Domain01,redisdp107ajc-redis-master-1-421fa-0,10.148.134.173,2,4,100
HNSJYT-DJG-redis-134-058,ACTIVE,3,sztzyjy,jyt-134-0-23,HEALTHY,1,2025/9/19 15:37,"10.148.134.175:27001,10.148.134.173:27001,10.148.134.174:27001",4.0.14,x86,10.148.135.124:7001,HLW_HG4_Domain01,redisdp107ajc-redis-master-2-955aa-0,10.148.134.174,2,4,100
HNSJYT-DJG-redis-134-058,ACTIVE,3,sztzyjy,jyt-134-0-23,HEALTHY,1,2025/9/19 15:37,"10.148.134.175:27001,10.148.134.173:27001,10.148.134.174:27001",4.0.14,x86,10.148.135.124:7001,HLW_HG4_Domain01,redisdp107ajc-redis-core-1-7a1d4-0,10.148.134.175,2,4,50
HNSJYT-DJG-redis-134-057,ACTIVE,3,sztzyjy,jyt-134-0-23,HEALTHY,1,2025/9/19 15:36,"10.148.134.172:27001,10.148.134.170:27001,10.148.134.171:27001",4.0.14,x86,10.148.135.123:7001,HLW_HG4_Domain01,redissuze27zl-redis-master-1-ab5f3-0,10.148.134.170,2,4,100
HNSJYT-DJG-redis-134-057,ACTIVE,3,sztzyjy,jyt-134-0-23,HEALTHY,1,2025/9/19 15:36,"10.148.134.172:27001,10.148.134.170:27001,10.148.134.171:27001",4.0.14,x86,10.148.135.123:7001,HLW_HG4_Domain01,redissuze27zl-redis-master-2-83249-0,10.148.134.171,2,4,100
HNSJYT-DJG-redis-134-057,ACTIVE,3,sztzyjy,jyt-134-0-23,HEALTHY,1,2025/9/19 15:36,"10.148.134.172:27001,10.148.134.170:27001,10.148.134.171:27001",4.0.14,x86,10.148.135.123:7001,HLW_HG4_Domain01,redissuze27zl-redis-core-1-4e24d-0,10.148.134.172,2,4,50
HNSJYT-DJG-redis-134-056,ACTIVE,3,sztzyjy,jyt-134-0-23,HEALTHY,1,2025/9/19 15:34,"10.148.134.169:27001,10.148.134.167:27001,10.148.134.168:27001",4.0.14,x86,10.148.135.122:7001,HLW_HG4_Domain01,redisn2h1y321-redis-master-1-84018-0,10.148.134.167,2,4,100
HNSJYT-DJG-redis-134-056,ACTIVE,3,sztzyjy,jyt-134-0-23,HEALTHY,1,2025/9/19 15:34,"10.148.134.169:27001,10.148.134.167:27001,10.148.134.168:27001",4.0.14,x86,10.148.135.122:7001,HLW_HG4_Domain01,redisn2h1y321-redis-master-2-4c4d8-0,10.148.134.168,2,4,100
HNSJYT-DJG-redis-134-056,ACTIVE,3,sztzyjy,jyt-134-0-23,HEALTHY,1,2025/9/19 15:34,"10.148.134.169:27001,10.148.134.167:27001,10.148.134.168:27001",4.0.14,x86,10.148.135.122:7001,HLW_HG4_Domain01,redisn2h1y321-redis-core-1-72951-0,10.148.134.169,2,4,50
HNSJYT-DJG-redis-134-055,ACTIVE,3,sztzyjy,jyt-134-0-23,HEALTHY,1,2025/9/19 15:32,"10.148.134.166:27001,10.148.134.164:27001,10.148.134.165:27001",4.0.14,x86,10.148.135.121:7001,HLW_HG4_Domain01,redis55r6qboh-redis-master-1-63a97-0,10.148.134.164,2,4,100
HNSJYT-DJG-redis-134-055,ACTIVE,3,sztzyjy,jyt-134-0-23,HEALTHY,1,2025/9/19 15:32,"10.148.134.166:27001,10.148.134.164:27001,10.148.134.165:27001",4.0.14,x86,10.148.135.121:7001,HLW_HG4_Domain01,redis55r6qboh-redis-master-2-c01f2-0,10.148.134.165,2,4,100
HNSJYT-DJG-redis-134-055,ACTIVE,3,sztzyjy,jyt-134-0-23,HEALTHY,1,2025/9/19 15:32,"10.148.134.166:27001,10.148.134.164:27001,10.148.134.165:27001",4.0.14,x86,10.148.135.121:7001,HLW_HG4_Domain01,redis55r6qboh-redis-core-1-8ac18-0,10.148.134.166,2,4,50
HNSJYT-DJG-redis-134-054,ACTIVE,3,sztzyjy,jyt-134-0-23,HEALTHY,1,2025/9/19 15:30,"10.148.134.163:27001,10.148.134.161:27001,10.148.134.162:27001",4.0.14,x86,10.148.135.120:7001,HLW_HG4_Domain01,redisezwz9cyh-redis-master-1-293ad-0,10.148.134.161,2,4,100
HNSJYT-DJG-redis-134-054,ACTIVE,3,sztzyjy,jyt-134-0-23,HEALTHY,1,2025/9/19 15:30,"10.148.134.163:27001,10.148.134.161:27001,10.148.134.162:27001",4.0.14,x86,10.148.135.120:7001,HLW_HG4_Domain01,redisezwz9cyh-redis-master-2-a3f19-0,10.148.134.162,2,4,100
HNSJYT-DJG-redis-134-054,ACTIVE,3,sztzyjy,jyt-134-0-23,HEALTHY,1,2025/9/19 15:30,"10.148.134.163:27001,10.148.134.161:27001,10.148.134.162:27001",4.0.14,x86,10.148.135.120:7001,HLW_HG4_Domain01,redisezwz9cyh-redis-core-1-d9888-0,10.148.134.163,2,4,50
HNSJYT-DJG-redis-134-053,ACTIVE,3,sztzyjy,jyt-134-0-23,HEALTHY,1,2025/9/19 15:29,"10.148.134.160:27001,10.148.134.158:27001,10.148.134.159:27001",4.0.14,x86,10.148.135.119:7001,HLW_HG4_Domain01,redis0llqvegl-redis-master-1-6385c-0,10.148.134.158,2,4,100
HNSJYT-DJG-redis-134-053,ACTIVE,3,sztzyjy,jyt-134-0-23,HEALTHY,1,2025/9/19 15:29,"10.148.134.160:27001,10.148.134.158:27001,10.148.134.159:27001",4.0.14,x86,10.148.135.119:7001,HLW_HG4_Domain01,redis0llqvegl-redis-master-2-8ef77-0,10.148.134.159,2,4,100
HNSJYT-DJG-redis-134-053,ACTIVE,3,sztzyjy,jyt-134-0-23,HEALTHY,1,2025/9/19 15:29,"10.148.134.160:27001,10.148.134.158:27001,10.148.134.159:27001",4.0.14,x86,10.148.135.119:7001,HLW_HG4_Domain01,redis0llqvegl-redis-core-1-3f59a-0,10.148.134.160,2,4,50
HNSJYT-DJG-redis-134-052,ACTIVE,3,sztzyjy,jyt-134-0-23,HEALTHY,1,2025/9/19 15:27,"10.148.134.157:27001,10.148.134.155:27001,10.148.134.156:27001",4.0.14,x86,10.148.135.118:7001,HLW_HG4_Domain01,redislxmucwbp-redis-master-1-cff22-0,10.148.134.155,2,4,100
HNSJYT-DJG-redis-134-052,ACTIVE,3,sztzyjy,jyt-134-0-23,HEALTHY,1,2025/9/19 15:27,"10.148.134.157:27001,10.148.134.155:27001,10.148.134.156:27001",4.0.14,x86,10.148.135.118:7001,HLW_HG4_Domain01,redislxmucwbp-redis-master-2-187c9-0,10.148.134.156,2,4,100
HNSJYT-DJG-redis-134-052,ACTIVE,3,sztzyjy,jyt-134-0-23,HEALTHY,1,2025/9/19 15:27,"10.148.134.157:27001,10.148.134.155:27001,10.148.134.156:27001",4.0.14,x86,10.148.135.118:7001,HLW_HG4_Domain01,redislxmucwbp-redis-core-1-23788-0,10.148.134.157,2,4,50
HNSJYT-DJG-redis-134-051,ACTIVE,3,sztzyjy,jyt-134-0-23,HEALTHY,1,2025/9/19 15:24,"10.148.134.154:27001,10.148.134.152:27001,10.148.134.153:27001",4.0.14,x86,10.148.135.117:7001,HLW_HG4_Domain01,redisyxztp85m-redis-core-1-95815-0,10.148.134.154,2,4,50
HNSJYT-DJG-redis-134-051,ACTIVE,3,sztzyjy,jyt-134-0-23,HEALTHY,1,2025/9/19 15:24,"10.148.134.154:27001,10.148.134.152:27001,10.148.134.153:27001",4.0.14,x86,10.148.135.117:7001,HLW_HG4_Domain01,redisyxztp85m-redis-master-1-2ee89-0,10.148.134.152,2,4,100
HNSJYT-DJG-redis-134-051,ACTIVE,3,sztzyjy,jyt-134-0-23,HEALTHY,1,2025/9/19 15:24,"10.148.134.154:27001,10.148.134.152:27001,10.148.134.153:27001",4.0.14,x86,10.148.135.117:7001,HLW_HG4_Domain01,redisyxztp85m-redis-master-2-d1891-0,10.148.134.153,2,4,100
HNSJYT-DJG-redis-134-050,ACTIVE,3,sztzyjy,jyt-134-0-23,HEALTHY,1,2025/9/19 15:24,"10.148.134.151:27001,10.148.134.149:27001,10.148.134.150:27001",4.0.14,x86,10.148.135.116:7001,HLW_HG4_Domain01,redis81lm577e-redis-core-1-76e25-0,10.148.134.151,2,4,50
HNSJYT-DJG-redis-134-050,ACTIVE,3,sztzyjy,jyt-134-0-23,HEALTHY,1,2025/9/19 15:24,"10.148.134.151:27001,10.148.134.149:27001,10.148.134.150:27001",4.0.14,x86,10.148.135.116:7001,HLW_HG4_Domain01,redis81lm577e-redis-master-1-0ceea-0,10.148.134.149,2,4,100
HNSJYT-DJG-redis-134-050,ACTIVE,3,sztzyjy,jyt-134-0-23,HEALTHY,1,2025/9/19 15:24,"10.148.134.151:27001,10.148.134.149:27001,10.148.134.150:27001",4.0.14,x86,10.148.135.116:7001,HLW_HG4_Domain01,redis81lm577e-redis-master-2-db5a9-0,10.148.134.150,2,4,100
HNSJYT-DJG-redis-134-049,ACTIVE,3,sztzyjy,jyt-134-0-23,HEALTHY,1,2025/9/19 12:56,"10.148.134.148:27001,10.148.134.146:27001,10.148.134.147:27001",4.0.14,x86,10.148.135.115:7001,HLW_HG4_Domain01,redis4i5lqpnh-redis-master-1-20ccd-0,10.148.134.146,2,4,100
HNSJYT-DJG-redis-134-049,ACTIVE,3,sztzyjy,jyt-134-0-23,HEALTHY,1,2025/9/19 12:56,"10.148.134.148:27001,10.148.134.146:27001,10.148.134.147:27001",4.0.14,x86,10.148.135.115:7001,HLW_HG4_Domain01,redis4i5lqpnh-redis-master-2-8a460-0,10.148.134.147,2,4,100
HNSJYT-DJG-redis-134-049,ACTIVE,3,sztzyjy,jyt-134-0-23,HEALTHY,1,2025/9/19 12:56,"10.148.134.148:27001,10.148.134.146:27001,10.148.134.147:27001",4.0.14,x86,10.148.135.115:7001,HLW_HG4_Domain01,redis4i5lqpnh-redis-core-1-7611f-0,10.148.134.148,2,4,50
HNSJYT-DJG-redis-134-048,ACTIVE,3,sztzyjy,jyt-134-0-23,HEALTHY,1,2025/9/19 12:54,"10.148.134.145:27001,10.148.134.143:27001,10.148.134.144:27001",4.0.14,x86,10.148.135.114:7001,HLW_HG4_Domain01,redis9mrs26fe-redis-core-1-39d3b-0,10.148.134.145,2,4,50
HNSJYT-DJG-redis-134-048,ACTIVE,3,sztzyjy,jyt-134-0-23,HEALTHY,1,2025/9/19 12:54,"10.148.134.145:27001,10.148.134.143:27001,10.148.134.144:27001",4.0.14,x86,10.148.135.114:7001,HLW_HG4_Domain01,redis9mrs26fe-redis-master-1-ecc76-0,10.148.134.143,2,4,100
HNSJYT-DJG-redis-134-048,ACTIVE,3,sztzyjy,jyt-134-0-23,HEALTHY,1,2025/9/19 12:54,"10.148.134.145:27001,10.148.134.143:27001,10.148.134.144:27001",4.0.14,x86,10.148.135.114:7001,HLW_HG4_Domain01,redis9mrs26fe-redis-master-2-666c1-0,10.148.134.144,2,4,100
HNSJYT-DJG-redis-134-047,ACTIVE,3,sztzyjy,jyt-134-0-23,HEALTHY,1,2025/9/19 12:54,"10.148.134.142:27001,10.148.134.140:27001,10.148.134.141:27001",4.0.14,x86,10.148.135.113:7001,HLW_HG4_Domain01,redis634uvoy9-redis-core-1-104dd-0,10.148.134.142,2,4,50
HNSJYT-DJG-redis-134-047,ACTIVE,3,sztzyjy,jyt-134-0-23,HEALTHY,1,2025/9/19 12:54,"10.148.134.142:27001,10.148.134.140:27001,10.148.134.141:27001",4.0.14,x86,10.148.135.113:7001,HLW_HG4_Domain01,redis634uvoy9-redis-master-1-e0d0a-0,10.148.134.140,2,4,100
HNSJYT-DJG-redis-134-047,ACTIVE,3,sztzyjy,jyt-134-0-23,HEALTHY,1,2025/9/19 12:54,"10.148.134.142:27001,10.148.134.140:27001,10.148.134.141:27001",4.0.14,x86,10.148.135.113:7001,HLW_HG4_Domain01,redis634uvoy9-redis-master-2-7d4a7-0,10.148.134.141,2,4,100
HNSJYT-DJG-redis-134-046,ACTIVE,3,sztzyjy,jyt-134-0-23,HEALTHY,1,2025/9/19 12:50,"10.148.134.139:27001,10.148.134.137:27001,10.148.134.138:27001",4.0.14,x86,10.148.135.112:7001,HLW_HG4_Domain01,redisw6o569p1-redis-master-1-91671-0,10.148.134.137,2,4,100
HNSJYT-DJG-redis-134-046,ACTIVE,3,sztzyjy,jyt-134-0-23,HEALTHY,1,2025/9/19 12:50,"10.148.134.139:27001,10.148.134.137:27001,10.148.134.138:27001",4.0.14,x86,10.148.135.112:7001,HLW_HG4_Domain01,redisw6o569p1-redis-master-2-4cdd5-0,10.148.134.138,2,4,100
HNSJYT-DJG-redis-134-046,ACTIVE,3,sztzyjy,jyt-134-0-23,HEALTHY,1,2025/9/19 12:50,"10.148.134.139:27001,10.148.134.137:27001,10.148.134.138:27001",4.0.14,x86,10.148.135.112:7001,HLW_HG4_Domain01,redisw6o569p1-redis-core-1-a6898-0,10.148.134.139,2,4,50
HNSJYT-DJG-redis-134-045,ACTIVE,3,sztzyjy,jyt-134-0-23,HEALTHY,1,2025/9/19 12:49,"10.148.134.136:27001,10.148.134.134:27001,10.148.134.135:27001",4.0.14,x86,10.148.135.111:7001,HLW_HG4_Domain01,redis6yznywl5-redis-master-1-a8f16-0,10.148.134.134,2,4,100
HNSJYT-DJG-redis-134-045,ACTIVE,3,sztzyjy,jyt-134-0-23,HEALTHY,1,2025/9/19 12:49,"10.148.134.136:27001,10.148.134.134:27001,10.148.134.135:27001",4.0.14,x86,10.148.135.111:7001,HLW_HG4_Domain01,redis6yznywl5-redis-master-2-ed4d1-0,10.148.134.135,2,4,100
HNSJYT-DJG-redis-134-045,ACTIVE,3,sztzyjy,jyt-134-0-23,HEALTHY,1,2025/9/19 12:49,"10.148.134.136:27001,10.148.134.134:27001,10.148.134.135:27001",4.0.14,x86,10.148.135.111:7001,HLW_HG4_Domain01,redis6yznywl5-redis-core-1-72823-0,10.148.134.136,2,4,50
HNSJYT-DJG-redis-134-044,ACTIVE,3,sztzyjy,jyt-134-0-23,HEALTHY,1,2025/9/19 12:48,"10.148.134.133:27001,10.148.134.131:27001,10.148.134.132:27001",4.0.14,x86,10.148.135.110:7001,HLW_HG4_Domain01,redislpjvyv3x-redis-master-1-8897c-0,10.148.134.131,2,4,100
HNSJYT-DJG-redis-134-044,ACTIVE,3,sztzyjy,jyt-134-0-23,HEALTHY,1,2025/9/19 12:48,"10.148.134.133:27001,10.148.134.131:27001,10.148.134.132:27001",4.0.14,x86,10.148.135.110:7001,HLW_HG4_Domain01,redislpjvyv3x-redis-master-2-6bd26-0,10.148.134.132,2,4,100
HNSJYT-DJG-redis-134-044,ACTIVE,3,sztzyjy,jyt-134-0-23,HEALTHY,1,2025/9/19 12:48,"10.148.134.133:27001,10.148.134.131:27001,10.148.134.132:27001",4.0.14,x86,10.148.135.110:7001,HLW_HG4_Domain01,redislpjvyv3x-redis-core-1-b815e-0,10.148.134.133,2,4,50
HNSJYT-DJG-redis-134-043,ACTIVE,3,sztzyjy,jyt-134-0-23,HEALTHY,1,2025/9/19 12:47,"10.148.134.130:27001,10.148.134.128:27001,10.148.134.129:27001",4.0.14,x86,10.148.135.109:7001,HLW_HG4_Domain01,redis1r6ggaod-redis-core-1-2bc2f-0,10.148.134.130,2,4,50
HNSJYT-DJG-redis-134-043,ACTIVE,3,sztzyjy,jyt-134-0-23,HEALTHY,1,2025/9/19 12:47,"10.148.134.130:27001,10.148.134.128:27001,10.148.134.129:27001",4.0.14,x86,10.148.135.109:7001,HLW_HG4_Domain01,redis1r6ggaod-redis-master-1-57067-0,10.148.134.128,2,4,100
HNSJYT-DJG-redis-134-043,ACTIVE,3,sztzyjy,jyt-134-0-23,HEALTHY,1,2025/9/19 12:47,"10.148.134.130:27001,10.148.134.128:27001,10.148.134.129:27001",4.0.14,x86,10.148.135.109:7001,HLW_HG4_Domain01,redis1r6ggaod-redis-master-2-4e2ad-0,10.148.134.129,2,4,100
HNSJYT-DJG-redis-134-042,ACTIVE,3,sztzyjy,jyt-134-0-23,HEALTHY,1,2025/9/19 12:45,"10.148.134.127:27001,10.148.134.125:27001,10.148.134.126:27001",4.0.14,x86,10.148.135.108:7001,HLW_HG4_Domain01,rediss0lcxp6s-redis-master-1-09f9a-0,10.148.134.125,2,4,100
HNSJYT-DJG-redis-134-042,ACTIVE,3,sztzyjy,jyt-134-0-23,HEALTHY,1,2025/9/19 12:45,"10.148.134.127:27001,10.148.134.125:27001,10.148.134.126:27001",4.0.14,x86,10.148.135.108:7001,HLW_HG4_Domain01,rediss0lcxp6s-redis-core-1-b4e03-0,10.148.134.127,2,4,50
HNSJYT-DJG-redis-134-042,ACTIVE,3,sztzyjy,jyt-134-0-23,HEALTHY,1,2025/9/19 12:45,"10.148.134.127:27001,10.148.134.125:27001,10.148.134.126:27001",4.0.14,x86,10.148.135.108:7001,HLW_HG4_Domain01,rediss0lcxp6s-redis-master-2-a5f96-0,10.148.134.126,2,4,100
HNSJYT-DJG-redis-134-041,ACTIVE,3,sztzyjy,jyt-134-0-23,HEALTHY,1,2025/9/19 12:43,"10.148.134.124:27001,10.148.134.122:27001,10.148.134.123:27001",4.0.14,x86,10.148.135.107:7001,HLW_HG4_Domain01,redis5gfpfcjs-redis-master-1-b6870-0,10.148.134.122,2,4,100
HNSJYT-DJG-redis-134-041,ACTIVE,3,sztzyjy,jyt-134-0-23,HEALTHY,1,2025/9/19 12:43,"10.148.134.124:27001,10.148.134.122:27001,10.148.134.123:27001",4.0.14,x86,10.148.135.107:7001,HLW_HG4_Domain01,redis5gfpfcjs-redis-master-2-fbe67-0,10.148.134.123,2,4,100
HNSJYT-DJG-redis-134-041,ACTIVE,3,sztzyjy,jyt-134-0-23,HEALTHY,1,2025/9/19 12:43,"10.148.134.124:27001,10.148.134.122:27001,10.148.134.123:27001",4.0.14,x86,10.148.135.107:7001,HLW_HG4_Domain01,redis5gfpfcjs-redis-core-1-84ea5-0,10.148.134.124,2,4,50
HNSJYT-DJG-redis-134-040,ACTIVE,3,sztzyjy,jyt-134-0-23,HEALTHY,1,2025/9/19 12:41,"10.148.134.121:27001,10.148.134.119:27001,10.148.134.120:27001",4.0.14,x86,10.148.135.106:7001,HLW_HG4_Domain01,redisrsv74bu5-redis-master-1-e76e2-0,10.148.134.119,2,4,100
HNSJYT-DJG-redis-134-040,ACTIVE,3,sztzyjy,jyt-134-0-23,HEALTHY,1,2025/9/19 12:41,"10.148.134.121:27001,10.148.134.119:27001,10.148.134.120:27001",4.0.14,x86,10.148.135.106:7001,HLW_HG4_Domain01,redisrsv74bu5-redis-master-2-f3931-0,10.148.134.120,2,4,100
HNSJYT-DJG-redis-134-040,ACTIVE,3,sztzyjy,jyt-134-0-23,HEALTHY,1,2025/9/19 12:41,"10.148.134.121:27001,10.148.134.119:27001,10.148.134.120:27001",4.0.14,x86,10.148.135.106:7001,HLW_HG4_Domain01,redisrsv74bu5-redis-core-1-19cda-0,10.148.134.121,2,4,50
HNSJYT-DJG-redis-134-039,ACTIVE,3,sztzyjy,jyt-134-0-23,HEALTHY,1,2025/9/19 12:39,"10.148.134.118:27001,10.148.134.116:27001,10.148.134.117:27001",4.0.14,x86,10.148.135.105:7001,HLW_HG4_Domain01,redis4o3d5x1r-redis-master-1-18d09-0,10.148.134.116,2,4,100
HNSJYT-DJG-redis-134-039,ACTIVE,3,sztzyjy,jyt-134-0-23,HEALTHY,1,2025/9/19 12:39,"10.148.134.118:27001,10.148.134.116:27001,10.148.134.117:27001",4.0.14,x86,10.148.135.105:7001,HLW_HG4_Domain01,redis4o3d5x1r-redis-master-2-5c80a-0,10.148.134.117,2,4,100
HNSJYT-DJG-redis-134-039,ACTIVE,3,sztzyjy,jyt-134-0-23,HEALTHY,1,2025/9/19 12:39,"10.148.134.118:27001,10.148.134.116:27001,10.148.134.117:27001",4.0.14,x86,10.148.135.105:7001,HLW_HG4_Domain01,redis4o3d5x1r-redis-core-1-e26a6-0,10.148.134.118,2,4,50
HNSJYT-DJG-redis-134-038,ACTIVE,3,sztzyjy,jyt-134-0-23,HEALTHY,1,2025/9/19 12:38,"10.148.134.115:27001,10.148.134.113:27001,10.148.134.114:27001",4.0.14,x86,10.148.135.104:7001,HLW_HG4_Domain01,redisnc898vx5-redis-master-1-95d0d-0,10.148.134.113,2,4,100
HNSJYT-DJG-redis-134-038,ACTIVE,3,sztzyjy,jyt-134-0-23,HEALTHY,1,2025/9/19 12:38,"10.148.134.115:27001,10.148.134.113:27001,10.148.134.114:27001",4.0.14,x86,10.148.135.104:7001,HLW_HG4_Domain01,redisnc898vx5-redis-master-2-5ca01-0,10.148.134.114,2,4,100
HNSJYT-DJG-redis-134-038,ACTIVE,3,sztzyjy,jyt-134-0-23,HEALTHY,1,2025/9/19 12:38,"10.148.134.115:27001,10.148.134.113:27001,10.148.134.114:27001",4.0.14,x86,10.148.135.104:7001,HLW_HG4_Domain01,redisnc898vx5-redis-core-1-9e0ba-0,10.148.134.115,2,4,50
HNSJYT-DJG-redis-134-037,ACTIVE,3,sztzyjy,jyt-134-0-23,HEALTHY,1,2025/9/19 12:36,"10.148.134.112:27001,10.148.134.110:27001,10.148.134.111:27001",4.0.14,x86,10.148.135.103:7001,HLW_HG4_Domain01,redisfcjjdcc0-redis-master-1-c98fe-0,10.148.134.110,2,4,100
HNSJYT-DJG-redis-134-037,ACTIVE,3,sztzyjy,jyt-134-0-23,HEALTHY,1,2025/9/19 12:36,"10.148.134.112:27001,10.148.134.110:27001,10.148.134.111:27001",4.0.14,x86,10.148.135.103:7001,HLW_HG4_Domain01,redisfcjjdcc0-redis-master-2-7eb3a-0,10.148.134.111,2,4,100
HNSJYT-DJG-redis-134-037,ACTIVE,3,sztzyjy,jyt-134-0-23,HEALTHY,1,2025/9/19 12:36,"10.148.134.112:27001,10.148.134.110:27001,10.148.134.111:27001",4.0.14,x86,10.148.135.103:7001,HLW_HG4_Domain01,redisfcjjdcc0-redis-core-1-5e217-0,10.148.134.112,2,4,50
HNSJYT-DJG-redis-134-036,ACTIVE,3,sztzyjy,jyt-134-0-23,HEALTHY,1,2025/9/19 12:34,"10.148.134.109:27001,10.148.134.107:27001,10.148.134.108:27001",4.0.14,x86,10.148.135.102:7001,HLW_HG4_Domain01,rediszy8qgcct-redis-master-2-4ac73-0,10.148.134.108,2,4,100
HNSJYT-DJG-redis-134-036,ACTIVE,3,sztzyjy,jyt-134-0-23,HEALTHY,1,2025/9/19 12:34,"10.148.134.109:27001,10.148.134.107:27001,10.148.134.108:27001",4.0.14,x86,10.148.135.102:7001,HLW_HG4_Domain01,rediszy8qgcct-redis-core-1-c90b2-0,10.148.134.109,2,4,50
HNSJYT-DJG-redis-134-036,ACTIVE,3,sztzyjy,jyt-134-0-23,HEALTHY,1,2025/9/19 12:34,"10.148.134.109:27001,10.148.134.107:27001,10.148.134.108:27001",4.0.14,x86,10.148.135.102:7001,HLW_HG4_Domain01,rediszy8qgcct-redis-master-1-12739-0,10.148.134.107,2,4,100
HNSJYT-DJG-redis-134-035,ACTIVE,3,sztzyjy,jyt-134-0-23,HEALTHY,1,2025/9/19 12:31,"10.148.134.106:27001,10.148.134.104:27001,10.148.134.105:27001",4.0.14,x86,10.148.135.101:7001,HLW_HG4_Domain01,redisbqdijx01-redis-core-1-1c92c-0,10.148.134.106,2,4,50
HNSJYT-DJG-redis-134-035,ACTIVE,3,sztzyjy,jyt-134-0-23,HEALTHY,1,2025/9/19 12:31,"10.148.134.106:27001,10.148.134.104:27001,10.148.134.105:27001",4.0.14,x86,10.148.135.101:7001,HLW_HG4_Domain01,redisbqdijx01-redis-master-2-a920b-0,10.148.134.105,2,4,100
HNSJYT-DJG-redis-134-035,ACTIVE,3,sztzyjy,jyt-134-0-23,HEALTHY,1,2025/9/19 12:31,"10.148.134.106:27001,10.148.134.104:27001,10.148.134.105:27001",4.0.14,x86,10.148.135.101:7001,HLW_HG4_Domain01,redisbqdijx01-redis-master-1-97ba7-0,10.148.134.104,2,4,100
HNSJYT-DJG-redis-134-034,ACTIVE,3,sztzyjy,jyt-134-0-23,HEALTHY,1,2025/9/19 12:30,"10.148.134.103:27001,10.148.134.101:27001,10.148.134.102:27001",4.0.14,x86,10.148.135.100:7001,HLW_HG4_Domain01,redis7izcmgx7-redis-core-1-bbcd7-0,10.148.134.103,2,4,50
HNSJYT-DJG-redis-134-034,ACTIVE,3,sztzyjy,jyt-134-0-23,HEALTHY,1,2025/9/19 12:30,"10.148.134.103:27001,10.148.134.101:27001,10.148.134.102:27001",4.0.14,x86,10.148.135.100:7001,HLW_HG4_Domain01,redis7izcmgx7-redis-master-1-f03c7-0,10.148.134.101,2,4,100
HNSJYT-DJG-redis-134-034,ACTIVE,3,sztzyjy,jyt-134-0-23,HEALTHY,1,2025/9/19 12:30,"10.148.134.103:27001,10.148.134.101:27001,10.148.134.102:27001",4.0.14,x86,10.148.135.100:7001,HLW_HG4_Domain01,redis7izcmgx7-redis-master-2-cc8ab-0,10.148.134.102,2,4,100
HNSJYT-DJG-redis-134-033,ACTIVE,3,sztzyjy,jyt-134-0-23,HEALTHY,1,2025/9/19 12:29,"10.148.134.100:27001,10.148.134.98:27001,10.148.134.99:27001",4.0.14,x86,10.148.135.99:7001,HLW_HG4_Domain01,redisjfto9bcx-redis-master-1-6ca0a-0,10.148.134.98,2,4,100
HNSJYT-DJG-redis-134-033,ACTIVE,3,sztzyjy,jyt-134-0-23,HEALTHY,1,2025/9/19 12:29,"10.148.134.100:27001,10.148.134.98:27001,10.148.134.99:27001",4.0.14,x86,10.148.135.99:7001,HLW_HG4_Domain01,redisjfto9bcx-redis-core-1-0f020-0,10.148.134.100,2,4,50
HNSJYT-DJG-redis-134-033,ACTIVE,3,sztzyjy,jyt-134-0-23,HEALTHY,1,2025/9/19 12:29,"10.148.134.100:27001,10.148.134.98:27001,10.148.134.99:27001",4.0.14,x86,10.148.135.99:7001,HLW_HG4_Domain01,redisjfto9bcx-redis-master-2-025da-0,10.148.134.99,2,4,100
HNSJYT-DJG-redis-134-032,ACTIVE,3,sztzyjy,jyt-134-0-23,HEALTHY,1,2025/9/19 12:27,"10.148.134.97:27001,10.148.134.95:27001,10.148.134.96:27001",4.0.14,x86,10.148.135.98:7001,HLW_HG4_Domain01,redisg9y301h0-redis-master-1-ae5a8-0,10.148.134.95,2,4,100
HNSJYT-DJG-redis-134-032,ACTIVE,3,sztzyjy,jyt-134-0-23,HEALTHY,1,2025/9/19 12:27,"10.148.134.97:27001,10.148.134.95:27001,10.148.134.96:27001",4.0.14,x86,10.148.135.98:7001,HLW_HG4_Domain01,redisg9y301h0-redis-master-2-0c89b-0,10.148.134.96,2,4,100
HNSJYT-DJG-redis-134-032,ACTIVE,3,sztzyjy,jyt-134-0-23,HEALTHY,1,2025/9/19 12:27,"10.148.134.97:27001,10.148.134.95:27001,10.148.134.96:27001",4.0.14,x86,10.148.135.98:7001,HLW_HG4_Domain01,redisg9y301h0-redis-core-1-e3e2b-0,10.148.134.97,2,4,50
HNSJYT-DJG-redis-134-031,ACTIVE,3,sztzyjy,jyt-134-0-23,HEALTHY,1,2025/9/19 12:26,"10.148.134.94:27001,10.148.134.92:27001,10.148.134.93:27001",4.0.14,x86,10.148.135.97:7001,HLW_HG4_Domain01,redisfcri2xbm-redis-master-1-f3b6e-0,10.148.134.92,2,4,100
HNSJYT-DJG-redis-134-031,ACTIVE,3,sztzyjy,jyt-134-0-23,HEALTHY,1,2025/9/19 12:26,"10.148.134.94:27001,10.148.134.92:27001,10.148.134.93:27001",4.0.14,x86,10.148.135.97:7001,HLW_HG4_Domain01,redisfcri2xbm-redis-master-2-9afcd-0,10.148.134.93,2,4,100
HNSJYT-DJG-redis-134-031,ACTIVE,3,sztzyjy,jyt-134-0-23,HEALTHY,1,2025/9/19 12:26,"10.148.134.94:27001,10.148.134.92:27001,10.148.134.93:27001",4.0.14,x86,10.148.135.97:7001,HLW_HG4_Domain01,redisfcri2xbm-redis-core-1-497cb-0,10.148.134.94,2,4,50
HNSJYT-DJG-redis-135-003,ACTIVE,8,sztzyjy,jyt-134-0-23,HEALTHY,2,2025/9/19 12:21,"10.148.135.163:7001,10.148.135.164:7001,10.148.135.165:7001,10.148.135.166:7001,10.148.135.167:7001,10.148.135.168:7001,10.148.135.161:7001,10.148.135.162:7001",4.0.14,x86,,HLW_HG4_Domain01,redisuvvkogbh-redis-core-6-18091-0,10.148.135.168,2,4,100
HNSJYT-DJG-redis-135-003,ACTIVE,8,sztzyjy,jyt-134-0-23,HEALTHY,2,2025/9/19 12:21,"10.148.135.163:7001,10.148.135.164:7001,10.148.135.165:7001,10.148.135.166:7001,10.148.135.167:7001,10.148.135.168:7001,10.148.135.161:7001,10.148.135.162:7001",4.0.14,x86,,HLW_HG4_Domain01,redisuvvkogbh-redis-core-5-793b4-0,10.148.135.167,2,4,100
HNSJYT-DJG-redis-135-003,ACTIVE,8,sztzyjy,jyt-134-0-23,HEALTHY,2,2025/9/19 12:21,"10.148.135.163:7001,10.148.135.164:7001,10.148.135.165:7001,10.148.135.166:7001,10.148.135.167:7001,10.148.135.168:7001,10.148.135.161:7001,10.148.135.162:7001",4.0.14,x86,,HLW_HG4_Domain01,redisuvvkogbh-redis-core-4-2ac73-0,10.148.135.166,2,4,100
HNSJYT-DJG-redis-135-003,ACTIVE,8,sztzyjy,jyt-134-0-23,HEALTHY,2,2025/9/19 12:21,"10.148.135.163:7001,10.148.135.164:7001,10.148.135.165:7001,10.148.135.166:7001,10.148.135.167:7001,10.148.135.168:7001,10.148.135.161:7001,10.148.135.162:7001",4.0.14,x86,,HLW_HG4_Domain01,redisuvvkogbh-redis-master-1-be791-0,10.148.135.161,2,4,100
HNSJYT-DJG-redis-135-003,ACTIVE,8,sztzyjy,jyt-134-0-23,HEALTHY,2,2025/9/19 12:21,"10.148.135.163:7001,10.148.135.164:7001,10.148.135.165:7001,10.148.135.166:7001,10.148.135.167:7001,10.148.135.168:7001,10.148.135.161:7001,10.148.135.162:7001",4.0.14,x86,,HLW_HG4_Domain01,redisuvvkogbh-redis-master-2-577fd-0,10.148.135.162,2,4,100
HNSJYT-DJG-redis-135-003,ACTIVE,8,sztzyjy,jyt-134-0-23,HEALTHY,2,2025/9/19 12:21,"10.148.135.163:7001,10.148.135.164:7001,10.148.135.165:7001,10.148.135.166:7001,10.148.135.167:7001,10.148.135.168:7001,10.148.135.161:7001,10.148.135.162:7001",4.0.14,x86,,HLW_HG4_Domain01,redisuvvkogbh-redis-core-1-7d219-0,10.148.135.163,2,4,100
HNSJYT-DJG-redis-135-003,ACTIVE,8,sztzyjy,jyt-134-0-23,HEALTHY,2,2025/9/19 12:21,"10.148.135.163:7001,10.148.135.164:7001,10.148.135.165:7001,10.148.135.166:7001,10.148.135.167:7001,10.148.135.168:7001,10.148.135.161:7001,10.148.135.162:7001",4.0.14,x86,,HLW_HG4_Domain01,redisuvvkogbh-redis-core-2-5ecf2-0,10.148.135.164,2,4,100
HNSJYT-DJG-redis-135-003,ACTIVE,8,sztzyjy,jyt-134-0-23,HEALTHY,2,2025/9/19 12:21,"10.148.135.163:7001,10.148.135.164:7001,10.148.135.165:7001,10.148.135.166:7001,10.148.135.167:7001,10.148.135.168:7001,10.148.135.161:7001,10.148.135.162:7001",4.0.14,x86,,HLW_HG4_Domain01,redisuvvkogbh-redis-core-3-d4443-0,10.148.135.165,2,4,100
HNSJYT-DJG-redis-135-002,ACTIVE,8,sztzyjy,jyt-134-0-23,HEALTHY,2,2025/9/19 12:19,"10.148.135.155:7001,10.148.135.156:7001,10.148.135.157:7001,10.148.135.158:7001,10.148.135.159:7001,10.148.135.160:7001,10.148.135.153:7001,10.148.135.154:7001",4.0.14,x86,,HLW_HG4_Domain01,redisi9047hgd-redis-master-2-eb33d-0,10.148.135.154,2,4,100
HNSJYT-DJG-redis-135-002,ACTIVE,8,sztzyjy,jyt-134-0-23,HEALTHY,2,2025/9/19 12:19,"10.148.135.155:7001,10.148.135.156:7001,10.148.135.157:7001,10.148.135.158:7001,10.148.135.159:7001,10.148.135.160:7001,10.148.135.153:7001,10.148.135.154:7001",4.0.14,x86,,HLW_HG4_Domain01,redisi9047hgd-redis-core-1-e4b0c-0,10.148.135.155,2,4,100
HNSJYT-DJG-redis-135-002,ACTIVE,8,sztzyjy,jyt-134-0-23,HEALTHY,2,2025/9/19 12:19,"10.148.135.155:7001,10.148.135.156:7001,10.148.135.157:7001,10.148.135.158:7001,10.148.135.159:7001,10.148.135.160:7001,10.148.135.153:7001,10.148.135.154:7001",4.0.14,x86,,HLW_HG4_Domain01,redisi9047hgd-redis-core-2-b56d8-0,10.148.135.156,2,4,100
HNSJYT-DJG-redis-135-002,ACTIVE,8,sztzyjy,jyt-134-0-23,HEALTHY,2,2025/9/19 12:19,"10.148.135.155:7001,10.148.135.156:7001,10.148.135.157:7001,10.148.135.158:7001,10.148.135.159:7001,10.148.135.160:7001,10.148.135.153:7001,10.148.135.154:7001",4.0.14,x86,,HLW_HG4_Domain01,redisi9047hgd-redis-master-1-5d280-0,10.148.135.153,2,4,100
HNSJYT-DJG-redis-135-002,ACTIVE,8,sztzyjy,jyt-134-0-23,HEALTHY,2,2025/9/19 12:19,"10.148.135.155:7001,10.148.135.156:7001,10.148.135.157:7001,10.148.135.158:7001,10.148.135.159:7001,10.148.135.160:7001,10.148.135.153:7001,10.148.135.154:7001",4.0.14,x86,,HLW_HG4_Domain01,redisi9047hgd-redis-core-3-0a5f6-0,10.148.135.157,2,4,100
HNSJYT-DJG-redis-135-002,ACTIVE,8,sztzyjy,jyt-134-0-23,HEALTHY,2,2025/9/19 12:19,"10.148.135.155:7001,10.148.135.156:7001,10.148.135.157:7001,10.148.135.158:7001,10.148.135.159:7001,10.148.135.160:7001,10.148.135.153:7001,10.148.135.154:7001",4.0.14,x86,,HLW_HG4_Domain01,redisi9047hgd-redis-core-4-7dca5-0,10.148.135.158,2,4,100
HNSJYT-DJG-redis-135-002,ACTIVE,8,sztzyjy,jyt-134-0-23,HEALTHY,2,2025/9/19 12:19,"10.148.135.155:7001,10.148.135.156:7001,10.148.135.157:7001,10.148.135.158:7001,10.148.135.159:7001,10.148.135.160:7001,10.148.135.153:7001,10.148.135.154:7001",4.0.14,x86,,HLW_HG4_Domain01,redisi9047hgd-redis-core-5-2fb81-0,10.148.135.159,2,4,100
HNSJYT-DJG-redis-135-002,ACTIVE,8,sztzyjy,jyt-134-0-23,HEALTHY,2,2025/9/19 12:19,"10.148.135.155:7001,10.148.135.156:7001,10.148.135.157:7001,10.148.135.158:7001,10.148.135.159:7001,10.148.135.160:7001,10.148.135.153:7001,10.148.135.154:7001",4.0.14,x86,,HLW_HG4_Domain01,redisi9047hgd-redis-core-6-04f70-0,10.148.135.160,2,4,100
HNSJYT-DJG-redis-135-001,ACTIVE,6,sztzyjy,jyt-134-0-23,HEALTHY,2,2025/9/19 12:16,"10.148.135.149:7001,10.148.135.150:7001,10.148.135.151:7001,10.148.135.152:7001,10.148.135.147:7001,10.148.135.148:7001",4.0.14,x86,,HLW_HG4_Domain01,rediss45jl73f-redis-core-1-123b8-0,10.148.135.149,2,4,100
HNSJYT-DJG-redis-135-001,ACTIVE,6,sztzyjy,jyt-134-0-23,HEALTHY,2,2025/9/19 12:16,"10.148.135.149:7001,10.148.135.150:7001,10.148.135.151:7001,10.148.135.152:7001,10.148.135.147:7001,10.148.135.148:7001",4.0.14,x86,,HLW_HG4_Domain01,rediss45jl73f-redis-core-3-d9b95-0,10.148.135.151,2,4,100
HNSJYT-DJG-redis-135-001,ACTIVE,6,sztzyjy,jyt-134-0-23,HEALTHY,2,2025/9/19 12:16,"10.148.135.149:7001,10.148.135.150:7001,10.148.135.151:7001,10.148.135.152:7001,10.148.135.147:7001,10.148.135.148:7001",4.0.14,x86,,HLW_HG4_Domain01,rediss45jl73f-redis-core-4-e0e9a-0,10.148.135.152,2,4,100
HNSJYT-DJG-redis-135-001,ACTIVE,6,sztzyjy,jyt-134-0-23,HEALTHY,2,2025/9/19 12:16,"10.148.135.149:7001,10.148.135.150:7001,10.148.135.151:7001,10.148.135.152:7001,10.148.135.147:7001,10.148.135.148:7001",4.0.14,x86,,HLW_HG4_Domain01,rediss45jl73f-redis-core-2-92f29-0,10.148.135.150,2,4,100
HNSJYT-DJG-redis-135-001,ACTIVE,6,sztzyjy,jyt-134-0-23,HEALTHY,2,2025/9/19 12:16,"10.148.135.149:7001,10.148.135.150:7001,10.148.135.151:7001,10.148.135.152:7001,10.148.135.147:7001,10.148.135.148:7001",4.0.14,x86,,HLW_HG4_Domain01,rediss45jl73f-redis-master-2-622e9-0,10.148.135.148,2,4,100
HNSJYT-DJG-redis-135-001,ACTIVE,6,sztzyjy,jyt-134-0-23,HEALTHY,2,2025/9/19 12:16,"10.148.135.149:7001,10.148.135.150:7001,10.148.135.151:7001,10.148.135.152:7001,10.148.135.147:7001,10.148.135.148:7001",4.0.14,x86,,HLW_HG4_Domain01,rediss45jl73f-redis-master-1-b5b12-0,10.148.135.147,2,4,100
HNSJYT-DJG-redis-134-080,ACTIVE,3,sztzyjy,jyt-134-0-23,HEALTHY,1,2025/9/19 12:08,"10.148.134.241:27001,10.148.134.239:27001,10.148.134.240:27001",6.2.6,x86,10.148.135.146:7001,HLW_HG4_Domain01,redisa9o8jp3f-redis-master-1-05575-0,10.148.134.239,4,64,100
HNSJYT-DJG-redis-134-080,ACTIVE,3,sztzyjy,jyt-134-0-23,HEALTHY,1,2025/9/19 12:08,"10.148.134.241:27001,10.148.134.239:27001,10.148.134.240:27001",6.2.6,x86,10.148.135.146:7001,HLW_HG4_Domain01,redisa9o8jp3f-redis-master-2-c7f58-0,10.148.134.240,4,64,100
HNSJYT-DJG-redis-134-080,ACTIVE,3,sztzyjy,jyt-134-0-23,HEALTHY,1,2025/9/19 12:08,"10.148.134.241:27001,10.148.134.239:27001,10.148.134.240:27001",6.2.6,x86,10.148.135.146:7001,HLW_HG4_Domain01,redisa9o8jp3f-redis-core-1-5f081-0,10.148.134.241,2,4,50
HNSJYT-DJG-redis-134-079,ACTIVE,3,sztzyjy,jyt-134-0-23,HEALTHY,1,2025/9/19 12:06,"10.148.134.238:27001,10.148.134.236:27001,10.148.134.237:27001",6.2.6,x86,10.148.135.145:7001,HLW_HG4_Domain01,redis8it5co3x-redis-core-1-9aa70-0,10.148.134.238,2,4,50
HNSJYT-DJG-redis-134-079,ACTIVE,3,sztzyjy,jyt-134-0-23,HEALTHY,1,2025/9/19 12:06,"10.148.134.238:27001,10.148.134.236:27001,10.148.134.237:27001",6.2.6,x86,10.148.135.145:7001,HLW_HG4_Domain01,redis8it5co3x-redis-master-1-2ce7b-0,10.148.134.236,4,64,100
HNSJYT-DJG-redis-134-079,ACTIVE,3,sztzyjy,jyt-134-0-23,HEALTHY,1,2025/9/19 12:06,"10.148.134.238:27001,10.148.134.236:27001,10.148.134.237:27001",6.2.6,x86,10.148.135.145:7001,HLW_HG4_Domain01,redis8it5co3x-redis-master-2-ab4b7-0,10.148.134.237,4,64,100
HNSJYT-DJG-redis-134-078,ACTIVE,3,sztzyjy,jyt-134-0-23,HEALTHY,1,2025/9/19 12:05,"10.148.134.235:27001,10.148.134.233:27001,10.148.134.234:27001",6.2.6,x86,10.148.135.144:7001,HLW_HG4_Domain01,redis7h9sjo6n-redis-master-1-aec02-0,10.148.134.233,4,64,100
HNSJYT-DJG-redis-134-078,ACTIVE,3,sztzyjy,jyt-134-0-23,HEALTHY,1,2025/9/19 12:05,"10.148.134.235:27001,10.148.134.233:27001,10.148.134.234:27001",6.2.6,x86,10.148.135.144:7001,HLW_HG4_Domain01,redis7h9sjo6n-redis-master-2-74b8b-0,10.148.134.234,4,64,100
HNSJYT-DJG-redis-134-078,ACTIVE,3,sztzyjy,jyt-134-0-23,HEALTHY,1,2025/9/19 12:05,"10.148.134.235:27001,10.148.134.233:27001,10.148.134.234:27001",6.2.6,x86,10.148.135.144:7001,HLW_HG4_Domain01,redis7h9sjo6n-redis-core-1-56d57-0,10.148.134.235,2,4,50
HNSJYT-DJG-redis-134-077,ACTIVE,3,sztzyjy,jyt-134-0-23,HEALTHY,1,2025/9/19 12:02,"10.148.134.232:27001,10.148.134.230:27001,10.148.134.231:27001",6.2.6,x86,10.148.135.143:7001,HLW_HG4_Domain01,redis008d018e-redis-master-2-381b0-0,10.148.134.231,4,16,100
HNSJYT-DJG-redis-134-077,ACTIVE,3,sztzyjy,jyt-134-0-23,HEALTHY,1,2025/9/19 12:02,"10.148.134.232:27001,10.148.134.230:27001,10.148.134.231:27001",6.2.6,x86,10.148.135.143:7001,HLW_HG4_Domain01,redis008d018e-redis-core-1-ab0d6-0,10.148.134.232,2,4,50
HNSJYT-DJG-redis-134-077,ACTIVE,3,sztzyjy,jyt-134-0-23,HEALTHY,1,2025/9/19 12:02,"10.148.134.232:27001,10.148.134.230:27001,10.148.134.231:27001",6.2.6,x86,10.148.135.143:7001,HLW_HG4_Domain01,redis008d018e-redis-master-1-49620-0,10.148.134.230,4,16,100
HNSJYT-DJG-redis-134-076,ACTIVE,3,sztzyjy,jyt-134-0-23,HEALTHY,1,2025/9/19 11:59,"10.148.134.229:27001,10.148.134.227:27001,10.148.134.228:27001",6.2.6,x86,10.148.135.142:7001,HLW_HG4_Domain01,redisr166ou81-redis-master-1-af3c7-0,10.148.134.227,2,4,100
HNSJYT-DJG-redis-134-076,ACTIVE,3,sztzyjy,jyt-134-0-23,HEALTHY,1,2025/9/19 11:59,"10.148.134.229:27001,10.148.134.227:27001,10.148.134.228:27001",6.2.6,x86,10.148.135.142:7001,HLW_HG4_Domain01,redisr166ou81-redis-core-1-f5eef-0,10.148.134.229,2,4,50
HNSJYT-DJG-redis-134-076,ACTIVE,3,sztzyjy,jyt-134-0-23,HEALTHY,1,2025/9/19 11:59,"10.148.134.229:27001,10.148.134.227:27001,10.148.134.228:27001",6.2.6,x86,10.148.135.142:7001,HLW_HG4_Domain01,redisr166ou81-redis-master-2-ea5bb-0,10.148.134.228,2,4,100
HNSJYT-DJG-redis-134-075,ACTIVE,3,sztzyjy,jyt-134-0-23,HEALTHY,1,2025/9/19 11:57,"10.148.134.226:27001,10.148.134.224:27001,10.148.134.225:27001",6.2.6,x86,10.148.135.141:7001,HLW_HG4_Domain01,redisjg1simbx-redis-master-1-e609a-0,10.148.134.224,2,4,100
HNSJYT-DJG-redis-134-075,ACTIVE,3,sztzyjy,jyt-134-0-23,HEALTHY,1,2025/9/19 11:57,"10.148.134.226:27001,10.148.134.224:27001,10.148.134.225:27001",6.2.6,x86,10.148.135.141:7001,HLW_HG4_Domain01,redisjg1simbx-redis-master-2-01bd5-0,10.148.134.225,2,4,100
HNSJYT-DJG-redis-134-075,ACTIVE,3,sztzyjy,jyt-134-0-23,HEALTHY,1,2025/9/19 11:57,"10.148.134.226:27001,10.148.134.224:27001,10.148.134.225:27001",6.2.6,x86,10.148.135.141:7001,HLW_HG4_Domain01,redisjg1simbx-redis-core-1-ab4d2-0,10.148.134.226,2,4,50
HNSJYT-DJG-redis-134-074,ACTIVE,3,sztzyjy,jyt-134-0-23,HEALTHY,1,2025/9/19 11:56,"10.148.134.223:27001,10.148.134.221:27001,10.148.134.222:27001",6.2.6,x86,10.148.135.140:7001,HLW_HG4_Domain01,redis8fqrv0cp-redis-core-1-0bc69-0,10.148.134.223,2,4,50
HNSJYT-DJG-redis-134-074,ACTIVE,3,sztzyjy,jyt-134-0-23,HEALTHY,1,2025/9/19 11:56,"10.148.134.223:27001,10.148.134.221:27001,10.148.134.222:27001",6.2.6,x86,10.148.135.140:7001,HLW_HG4_Domain01,redis8fqrv0cp-redis-master-1-088f8-0,10.148.134.221,2,4,100
HNSJYT-DJG-redis-134-074,ACTIVE,3,sztzyjy,jyt-134-0-23,HEALTHY,1,2025/9/19 11:56,"10.148.134.223:27001,10.148.134.221:27001,10.148.134.222:27001",6.2.6,x86,10.148.135.140:7001,HLW_HG4_Domain01,redis8fqrv0cp-redis-master-2-46704-0,10.148.134.222,2,4,100
HNSJYT-DJG-redis-134-073,ACTIVE,3,sztzyjy,jyt-134-0-23,HEALTHY,1,2025/9/19 11:55,"10.148.134.220:27001,10.148.134.218:27001,10.148.134.219:27001",6.2.6,x86,10.148.135.139:7001,HLW_HG4_Domain01,redis3o6t8bg3-redis-core-1-67670-0,10.148.134.220,2,4,50
HNSJYT-DJG-redis-134-073,ACTIVE,3,sztzyjy,jyt-134-0-23,HEALTHY,1,2025/9/19 11:55,"10.148.134.220:27001,10.148.134.218:27001,10.148.134.219:27001",6.2.6,x86,10.148.135.139:7001,HLW_HG4_Domain01,redis3o6t8bg3-redis-master-1-6db8d-0,10.148.134.218,2,4,100
HNSJYT-DJG-redis-134-073,ACTIVE,3,sztzyjy,jyt-134-0-23,HEALTHY,1,2025/9/19 11:55,"10.148.134.220:27001,10.148.134.218:27001,10.148.134.219:27001",6.2.6,x86,10.148.135.139:7001,HLW_HG4_Domain01,redis3o6t8bg3-redis-master-2-4615e-0,10.148.134.219,2,4,100
HNSJYT-DJG-redis-134-072,ACTIVE,3,sztzyjy,jyt-134-0-23,HEALTHY,1,2025/9/19 11:52,"10.148.134.217:27001,10.148.134.215:27001,10.148.134.216:27001",6.2.6,x86,10.148.135.138:7001,HLW_HG4_Domain01,redis8gog4mfm-redis-master-1-53986-0,10.148.134.215,2,4,100
HNSJYT-DJG-redis-134-072,ACTIVE,3,sztzyjy,jyt-134-0-23,HEALTHY,1,2025/9/19 11:52,"10.148.134.217:27001,10.148.134.215:27001,10.148.134.216:27001",6.2.6,x86,10.148.135.138:7001,HLW_HG4_Domain01,redis8gog4mfm-redis-master-2-80eee-0,10.148.134.216,2,4,100
HNSJYT-DJG-redis-134-072,ACTIVE,3,sztzyjy,jyt-134-0-23,HEALTHY,1,2025/9/19 11:52,"10.148.134.217:27001,10.148.134.215:27001,10.148.134.216:27001",6.2.6,x86,10.148.135.138:7001,HLW_HG4_Domain01,redis8gog4mfm-redis-core-1-f8a54-0,10.148.134.217,2,4,50
HNSJYT-DJG-redis-134-071,ACTIVE,3,sztzyjy,jyt-134-0-23,HEALTHY,1,2025/9/19 11:50,"10.148.134.214:27001,10.148.134.212:27001,10.148.134.213:27001",6.2.6,x86,10.148.135.137:7001,HLW_HG4_Domain01,redisdzkr1o96-redis-master-1-12de8-0,10.148.134.212,2,4,100
HNSJYT-DJG-redis-134-071,ACTIVE,3,sztzyjy,jyt-134-0-23,HEALTHY,1,2025/9/19 11:50,"10.148.134.214:27001,10.148.134.212:27001,10.148.134.213:27001",6.2.6,x86,10.148.135.137:7001,HLW_HG4_Domain01,redisdzkr1o96-redis-master-2-a5c61-0,10.148.134.213,2,4,100
HNSJYT-DJG-redis-134-071,ACTIVE,3,sztzyjy,jyt-134-0-23,HEALTHY,1,2025/9/19 11:50,"10.148.134.214:27001,10.148.134.212:27001,10.148.134.213:27001",6.2.6,x86,10.148.135.137:7001,HLW_HG4_Domain01,redisdzkr1o96-redis-core-1-25e16-0,10.148.134.214,2,4,50
HNSJYT-DJG-redis-134-070,ACTIVE,3,sztzyjy,jyt-134-0-23,HEALTHY,1,2025/9/19 11:49,"10.148.134.211:27001,10.148.134.209:27001,10.148.134.210:27001",6.2.6,x86,10.148.135.136:7001,HLW_HG4_Domain01,redisybwgw90d-redis-master-1-9982b-0,10.148.134.209,2,4,100
HNSJYT-DJG-redis-134-070,ACTIVE,3,sztzyjy,jyt-134-0-23,HEALTHY,1,2025/9/19 11:49,"10.148.134.211:27001,10.148.134.209:27001,10.148.134.210:27001",6.2.6,x86,10.148.135.136:7001,HLW_HG4_Domain01,redisybwgw90d-redis-master-2-68e62-0,10.148.134.210,2,4,100
HNSJYT-DJG-redis-134-070,ACTIVE,3,sztzyjy,jyt-134-0-23,HEALTHY,1,2025/9/19 11:49,"10.148.134.211:27001,10.148.134.209:27001,10.148.134.210:27001",6.2.6,x86,10.148.135.136:7001,HLW_HG4_Domain01,redisybwgw90d-redis-core-1-f6b84-0,10.148.134.211,2,4,50
HNSJYT-DJG-redis-134-030,ACTIVE,3,sztzyjy,jyt-134-0-23,HEALTHY,1,2025/9/19 11:43,"10.148.134.91:27001,10.148.134.89:27001,10.148.134.90:27001",4.0.14,x86,10.148.135.96:7001,HLW_HG4_Domain01,rediswsuqxej6-redis-core-1-3262e-0,10.148.134.91,2,4,50
HNSJYT-DJG-redis-134-030,ACTIVE,3,sztzyjy,jyt-134-0-23,HEALTHY,1,2025/9/19 11:43,"10.148.134.91:27001,10.148.134.89:27001,10.148.134.90:27001",4.0.14,x86,10.148.135.96:7001,HLW_HG4_Domain01,rediswsuqxej6-redis-master-1-4fd45-0,10.148.134.89,2,4,100
HNSJYT-DJG-redis-134-030,ACTIVE,3,sztzyjy,jyt-134-0-23,HEALTHY,1,2025/9/19 11:43,"10.148.134.91:27001,10.148.134.89:27001,10.148.134.90:27001",4.0.14,x86,10.148.135.96:7001,HLW_HG4_Domain01,rediswsuqxej6-redis-master-2-ad920-0,10.148.134.90,2,4,100
HNSJYT-DJG-redis-134-029,ACTIVE,3,sztzyjy,jyt-134-0-23,HEALTHY,1,2025/9/19 11:41,"10.148.134.88:27001,10.148.134.86:27001,10.148.134.87:27001",4.0.14,x86,10.148.135.95:7001,HLW_HG4_Domain01,redisrjc4oi9w-redis-master-1-ddc8d-0,10.148.134.86,2,4,100
HNSJYT-DJG-redis-134-029,ACTIVE,3,sztzyjy,jyt-134-0-23,HEALTHY,1,2025/9/19 11:41,"10.148.134.88:27001,10.148.134.86:27001,10.148.134.87:27001",4.0.14,x86,10.148.135.95:7001,HLW_HG4_Domain01,redisrjc4oi9w-redis-master-2-01b74-0,10.148.134.87,2,4,100
HNSJYT-DJG-redis-134-029,ACTIVE,3,sztzyjy,jyt-134-0-23,HEALTHY,1,2025/9/19 11:41,"10.148.134.88:27001,10.148.134.86:27001,10.148.134.87:27001",4.0.14,x86,10.148.135.95:7001,HLW_HG4_Domain01,redisrjc4oi9w-redis-core-1-78f22-0,10.148.134.88,2,4,50
HNSJYT-DJG-redis-134-028,ACTIVE,3,sztzyjy,jyt-134-0-23,HEALTHY,1,2025/9/19 11:39,"10.148.134.85:27001,10.148.134.83:27001,10.148.134.84:27001",4.0.14,x86,10.148.135.94:7001,HLW_HG4_Domain01,redise0xuron2-redis-master-1-f2e0d-0,10.148.134.83,2,4,100
HNSJYT-DJG-redis-134-028,ACTIVE,3,sztzyjy,jyt-134-0-23,HEALTHY,1,2025/9/19 11:39,"10.148.134.85:27001,10.148.134.83:27001,10.148.134.84:27001",4.0.14,x86,10.148.135.94:7001,HLW_HG4_Domain01,redise0xuron2-redis-core-1-088a8-0,10.148.134.85,2,4,50
HNSJYT-DJG-redis-134-028,ACTIVE,3,sztzyjy,jyt-134-0-23,HEALTHY,1,2025/9/19 11:39,"10.148.134.85:27001,10.148.134.83:27001,10.148.134.84:27001",4.0.14,x86,10.148.135.94:7001,HLW_HG4_Domain01,redise0xuron2-redis-master-2-7bae1-0,10.148.134.84,2,4,100
HNSJYT-DJG-redis-134-027,ACTIVE,3,sztzyjy,jyt-134-0-23,HEALTHY,1,2025/9/19 11:38,"10.148.134.82:27001,10.148.134.80:27001,10.148.134.81:27001",4.0.14,x86,10.148.135.93:7001,HLW_HG4_Domain01,redisyztsc9l2-redis-master-1-607fc-0,10.148.134.80,2,4,100
HNSJYT-DJG-redis-134-027,ACTIVE,3,sztzyjy,jyt-134-0-23,HEALTHY,1,2025/9/19 11:38,"10.148.134.82:27001,10.148.134.80:27001,10.148.134.81:27001",4.0.14,x86,10.148.135.93:7001,HLW_HG4_Domain01,redisyztsc9l2-redis-master-2-81e3b-0,10.148.134.81,2,4,100
HNSJYT-DJG-redis-134-027,ACTIVE,3,sztzyjy,jyt-134-0-23,HEALTHY,1,2025/9/19 11:38,"10.148.134.82:27001,10.148.134.80:27001,10.148.134.81:27001",4.0.14,x86,10.148.135.93:7001,HLW_HG4_Domain01,redisyztsc9l2-redis-core-1-6f459-0,10.148.134.82,2,4,50
HNSJYT-DJG-redis-134-026,ACTIVE,3,sztzyjy,jyt-134-0-23,HEALTHY,1,2025/9/19 11:37,"10.148.134.79:27001,10.148.134.77:27001,10.148.134.78:27001",4.0.14,x86,10.148.135.92:7001,HLW_HG4_Domain01,redisvf0p6mza-redis-master-1-f37c0-0,10.148.134.77,2,4,100
HNSJYT-DJG-redis-134-026,ACTIVE,3,sztzyjy,jyt-134-0-23,HEALTHY,1,2025/9/19 11:37,"10.148.134.79:27001,10.148.134.77:27001,10.148.134.78:27001",4.0.14,x86,10.148.135.92:7001,HLW_HG4_Domain01,redisvf0p6mza-redis-master-2-6bc7b-0,10.148.134.78,2,4,100
HNSJYT-DJG-redis-134-026,ACTIVE,3,sztzyjy,jyt-134-0-23,HEALTHY,1,2025/9/19 11:37,"10.148.134.79:27001,10.148.134.77:27001,10.148.134.78:27001",4.0.14,x86,10.148.135.92:7001,HLW_HG4_Domain01,redisvf0p6mza-redis-core-1-d965a-0,10.148.134.79,2,4,50
HNSJYT-DJG-redis-134-025,ACTIVE,3,sztzyjy,jyt-134-0-23,HEALTHY,1,2025/9/19 11:36,"10.148.134.76:27001,10.148.134.74:27001,10.148.134.75:27001",4.0.14,x86,10.148.135.91:7001,HLW_HG4_Domain01,redisuty84ulc-redis-master-1-77756-0,10.148.134.74,2,4,100
HNSJYT-DJG-redis-134-025,ACTIVE,3,sztzyjy,jyt-134-0-23,HEALTHY,1,2025/9/19 11:36,"10.148.134.76:27001,10.148.134.74:27001,10.148.134.75:27001",4.0.14,x86,10.148.135.91:7001,HLW_HG4_Domain01,redisuty84ulc-redis-master-2-f1ecf-0,10.148.134.75,2,4,100
HNSJYT-DJG-redis-134-025,ACTIVE,3,sztzyjy,jyt-134-0-23,HEALTHY,1,2025/9/19 11:36,"10.148.134.76:27001,10.148.134.74:27001,10.148.134.75:27001",4.0.14,x86,10.148.135.91:7001,HLW_HG4_Domain01,redisuty84ulc-redis-core-1-3dac2-0,10.148.134.76,2,4,50
HNSJYT-DJG-redis-134-024,ACTIVE,3,sztzyjy,jyt-134-0-23,HEALTHY,1,2025/9/19 11:34,"10.148.134.73:27001,10.148.134.71:27001,10.148.134.72:27001",4.0.14,x86,10.148.135.90:7001,HLW_HG4_Domain01,redis663gk8ea-redis-master-1-20fe5-0,10.148.134.71,2,4,100
HNSJYT-DJG-redis-134-024,ACTIVE,3,sztzyjy,jyt-134-0-23,HEALTHY,1,2025/9/19 11:34,"10.148.134.73:27001,10.148.134.71:27001,10.148.134.72:27001",4.0.14,x86,10.148.135.90:7001,HLW_HG4_Domain01,redis663gk8ea-redis-master-2-c3f9e-0,10.148.134.72,2,4,100
HNSJYT-DJG-redis-134-024,ACTIVE,3,sztzyjy,jyt-134-0-23,HEALTHY,1,2025/9/19 11:34,"10.148.134.73:27001,10.148.134.71:27001,10.148.134.72:27001",4.0.14,x86,10.148.135.90:7001,HLW_HG4_Domain01,redis663gk8ea-redis-core-1-8586d-0,10.148.134.73,2,4,50
HNSJYT-DJG-redis-134-023,ACTIVE,3,sztzyjy,jyt-134-0-23,HEALTHY,1,2025/9/19 11:32,"10.148.134.70:27001,10.148.134.68:27001,10.148.134.69:27001",4.0.14,x86,10.148.135.89:7001,HLW_HG4_Domain01,redis43ri07mw-redis-core-1-86ab5-0,10.148.134.70,2,4,50
HNSJYT-DJG-redis-134-023,ACTIVE,3,sztzyjy,jyt-134-0-23,HEALTHY,1,2025/9/19 11:32,"10.148.134.70:27001,10.148.134.68:27001,10.148.134.69:27001",4.0.14,x86,10.148.135.89:7001,HLW_HG4_Domain01,redis43ri07mw-redis-master-1-56658-0,10.148.134.68,2,4,100
HNSJYT-DJG-redis-134-023,ACTIVE,3,sztzyjy,jyt-134-0-23,HEALTHY,1,2025/9/19 11:32,"10.148.134.70:27001,10.148.134.68:27001,10.148.134.69:27001",4.0.14,x86,10.148.135.89:7001,HLW_HG4_Domain01,redis43ri07mw-redis-master-2-d9f13-0,10.148.134.69,2,4,100
HNSJYT-DJG-redis-134-017,ACTIVE,3,sztzyjy,jyt-134-0-23,HEALTHY,1,2025/9/19 11:30,"10.148.134.55:27001,10.148.134.53:27001,10.148.134.54:27001",4.0.14,x86,10.148.135.84:7001,HLW_HG4_Domain01,redis6vju9415-redis-master-1-02e13-0,10.148.134.53,2,4,100
HNSJYT-DJG-redis-134-017,ACTIVE,3,sztzyjy,jyt-134-0-23,HEALTHY,1,2025/9/19 11:30,"10.148.134.55:27001,10.148.134.53:27001,10.148.134.54:27001",4.0.14,x86,10.148.135.84:7001,HLW_HG4_Domain01,redis6vju9415-redis-master-2-6cea1-0,10.148.134.54,2,4,100
HNSJYT-DJG-redis-134-017,ACTIVE,3,sztzyjy,jyt-134-0-23,HEALTHY,1,2025/9/19 11:30,"10.148.134.55:27001,10.148.134.53:27001,10.148.134.54:27001",4.0.14,x86,10.148.135.84:7001,HLW_HG4_Domain01,redis6vju9415-redis-core-1-435d4-0,10.148.134.55,2,4,50
HNSJYT-DJG-redis-134-022,ACTIVE,3,sztzyjy,jyt-134-0-23,HEALTHY,1,2025/9/19 11:28,"10.148.134.67:27001,10.148.134.65:27001,10.148.134.66:27001",4.0.14,x86,10.148.135.88:7001,HLW_HG4_Domain01,redis2qdbjlq9-redis-core-1-1090c-0,10.148.134.67,2,4,50
HNSJYT-DJG-redis-134-022,ACTIVE,3,sztzyjy,jyt-134-0-23,HEALTHY,1,2025/9/19 11:28,"10.148.134.67:27001,10.148.134.65:27001,10.148.134.66:27001",4.0.14,x86,10.148.135.88:7001,HLW_HG4_Domain01,redis2qdbjlq9-redis-master-1-deaa9-0,10.148.134.65,2,4,100
HNSJYT-DJG-redis-134-022,ACTIVE,3,sztzyjy,jyt-134-0-23,HEALTHY,1,2025/9/19 11:28,"10.148.134.67:27001,10.148.134.65:27001,10.148.134.66:27001",4.0.14,x86,10.148.135.88:7001,HLW_HG4_Domain01,redis2qdbjlq9-redis-master-2-40f68-0,10.148.134.66,2,4,100
HNSJYT-DJG-redis-134-009-02,ACTIVE,3,sztzyjy,jyt-134-0-23,HEALTHY,1,2025/9/19 11:25,"10.148.134.31:27001,10.148.134.29:27001,10.148.134.30:27001",4.0.14,x86,10.148.135.76:7001,HLW_HG4_Domain01,redisicgmdlsy-redis-master-1-78811-0,10.148.134.29,2,4,100
HNSJYT-DJG-redis-134-009-02,ACTIVE,3,sztzyjy,jyt-134-0-23,HEALTHY,1,2025/9/19 11:25,"10.148.134.31:27001,10.148.134.29:27001,10.148.134.30:27001",4.0.14,x86,10.148.135.76:7001,HLW_HG4_Domain01,redisicgmdlsy-redis-master-2-a4828-0,10.148.134.30,2,4,100
HNSJYT-DJG-redis-134-009-02,ACTIVE,3,sztzyjy,jyt-134-0-23,HEALTHY,1,2025/9/19 11:25,"10.148.134.31:27001,10.148.134.29:27001,10.148.134.30:27001",4.0.14,x86,10.148.135.76:7001,HLW_HG4_Domain01,redisicgmdlsy-redis-core-1-cbcee-0,10.148.134.31,2,4,50
HNSJYT-DJG-redis-134-020,ACTIVE,3,sztzyjy,jyt-134-0-23,HEALTHY,1,2025/9/19 10:47,"10.148.134.64:27001,10.148.134.62:27001,10.148.134.63:27001",4.0.14,x86,10.148.135.87:7001,HLW_HG4_Domain01,redisehs8hmep-redis-master-1-a8a3f-0,10.148.134.62,2,4,100
HNSJYT-DJG-redis-134-020,ACTIVE,3,sztzyjy,jyt-134-0-23,HEALTHY,1,2025/9/19 10:47,"10.148.134.64:27001,10.148.134.62:27001,10.148.134.63:27001",4.0.14,x86,10.148.135.87:7001,HLW_HG4_Domain01,redisehs8hmep-redis-master-2-7dbac-0,10.148.134.63,2,4,100
HNSJYT-DJG-redis-134-020,ACTIVE,3,sztzyjy,jyt-134-0-23,HEALTHY,1,2025/9/19 10:47,"10.148.134.64:27001,10.148.134.62:27001,10.148.134.63:27001",4.0.14,x86,10.148.135.87:7001,HLW_HG4_Domain01,redisehs8hmep-redis-core-1-9adc2-0,10.148.134.64,2,4,50
HNSJYT-DJG-redis-134-019,ACTIVE,3,sztzyjy,jyt-134-0-23,HEALTHY,1,2025/9/19 10:46,"10.148.134.61:27001,10.148.134.59:27001,10.148.134.60:27001",4.0.14,x86,10.148.135.86:7001,HLW_HG4_Domain01,redisojcgy0ix-redis-master-1-6eb95-0,10.148.134.59,2,4,100
HNSJYT-DJG-redis-134-019,ACTIVE,3,sztzyjy,jyt-134-0-23,HEALTHY,1,2025/9/19 10:46,"10.148.134.61:27001,10.148.134.59:27001,10.148.134.60:27001",4.0.14,x86,10.148.135.86:7001,HLW_HG4_Domain01,redisojcgy0ix-redis-master-2-020ec-0,10.148.134.60,2,4,100
HNSJYT-DJG-redis-134-019,ACTIVE,3,sztzyjy,jyt-134-0-23,HEALTHY,1,2025/9/19 10:46,"10.148.134.61:27001,10.148.134.59:27001,10.148.134.60:27001",4.0.14,x86,10.148.135.86:7001,HLW_HG4_Domain01,redisojcgy0ix-redis-core-1-ca0b3-0,10.148.134.61,2,4,50
HNSJYT-DJG-redis-134-018,ACTIVE,3,sztzyjy,jyt-134-0-23,HEALTHY,1,2025/9/19 10:43,"10.148.134.58:27001,10.148.134.56:27001,10.148.134.57:27001",4.0.14,x86,10.148.135.85:7001,HLW_HG4_Domain01,redis8mz130wy-redis-master-1-25ff5-0,10.148.134.56,2,4,100
HNSJYT-DJG-redis-134-018,ACTIVE,3,sztzyjy,jyt-134-0-23,HEALTHY,1,2025/9/19 10:43,"10.148.134.58:27001,10.148.134.56:27001,10.148.134.57:27001",4.0.14,x86,10.148.135.85:7001,HLW_HG4_Domain01,redis8mz130wy-redis-master-2-d9287-0,10.148.134.57,2,4,100
HNSJYT-DJG-redis-134-018,ACTIVE,3,sztzyjy,jyt-134-0-23,HEALTHY,1,2025/9/19 10:43,"10.148.134.58:27001,10.148.134.56:27001,10.148.134.57:27001",4.0.14,x86,10.148.135.85:7001,HLW_HG4_Domain01,redis8mz130wy-redis-core-1-70276-0,10.148.134.58,2,4,50
HNSJYT-DJG-redis-134-016,ACTIVE,3,sztzyjy,jyt-134-0-23,HEALTHY,1,2025/9/19 10:35,"10.148.134.52:27001,10.148.134.50:27001,10.148.134.51:27001",4.0.14,x86,10.148.135.83:7001,HLW_HG4_Domain01,redisieorh11i-redis-master-1-bc7eb-0,10.148.134.50,2,4,100
HNSJYT-DJG-redis-134-016,ACTIVE,3,sztzyjy,jyt-134-0-23,HEALTHY,1,2025/9/19 10:35,"10.148.134.52:27001,10.148.134.50:27001,10.148.134.51:27001",4.0.14,x86,10.148.135.83:7001,HLW_HG4_Domain01,redisieorh11i-redis-master-2-a3491-0,10.148.134.51,2,4,100
HNSJYT-DJG-redis-134-016,ACTIVE,3,sztzyjy,jyt-134-0-23,HEALTHY,1,2025/9/19 10:35,"10.148.134.52:27001,10.148.134.50:27001,10.148.134.51:27001",4.0.14,x86,10.148.135.83:7001,HLW_HG4_Domain01,redisieorh11i-redis-core-1-08962-0,10.148.134.52,2,4,50
HNSJYT-DJG-redis-134-015,ACTIVE,3,sztzyjy,jyt-134-0-23,HEALTHY,1,2025/9/19 10:32,"10.148.134.49:27001,10.148.134.47:27001,10.148.134.48:27001",4.0.14,x86,10.148.135.82:7001,HLW_HG4_Domain01,redisok4vfkxo-redis-core-1-63f2c-0,10.148.134.49,2,4,50
HNSJYT-DJG-redis-134-015,ACTIVE,3,sztzyjy,jyt-134-0-23,HEALTHY,1,2025/9/19 10:32,"10.148.134.49:27001,10.148.134.47:27001,10.148.134.48:27001",4.0.14,x86,10.148.135.82:7001,HLW_HG4_Domain01,redisok4vfkxo-redis-master-1-0f8b1-0,10.148.134.47,2,4,100
HNSJYT-DJG-redis-134-015,ACTIVE,3,sztzyjy,jyt-134-0-23,HEALTHY,1,2025/9/19 10:32,"10.148.134.49:27001,10.148.134.47:27001,10.148.134.48:27001",4.0.14,x86,10.148.135.82:7001,HLW_HG4_Domain01,redisok4vfkxo-redis-master-2-0fd01-0,10.148.134.48,2,4,100
HNSJYT-DJG-redis-134-014,ACTIVE,3,sztzyjy,jyt-134-0-23,HEALTHY,1,2025/9/19 10:31,"10.148.134.46:27001,10.148.134.44:27001,10.148.134.45:27001",4.0.14,x86,10.148.135.81:7001,HLW_HG4_Domain01,redis1ymd490d-redis-master-1-6d4cc-0,10.148.134.44,2,4,100
HNSJYT-DJG-redis-134-014,ACTIVE,3,sztzyjy,jyt-134-0-23,HEALTHY,1,2025/9/19 10:31,"10.148.134.46:27001,10.148.134.44:27001,10.148.134.45:27001",4.0.14,x86,10.148.135.81:7001,HLW_HG4_Domain01,redis1ymd490d-redis-core-1-5fa85-0,10.148.134.46,2,4,50
HNSJYT-DJG-redis-134-014,ACTIVE,3,sztzyjy,jyt-134-0-23,HEALTHY,1,2025/9/19 10:31,"10.148.134.46:27001,10.148.134.44:27001,10.148.134.45:27001",4.0.14,x86,10.148.135.81:7001,HLW_HG4_Domain01,redis1ymd490d-redis-master-2-e185a-0,10.148.134.45,2,4,100
HNSJYT-DJG-redis-134-013,ACTIVE,3,sztzyjy,jyt-134-0-23,HEALTHY,1,2025/9/19 10:29,"10.148.134.43:27001,10.148.134.41:27001,10.148.134.42:27001",4.0.14,x86,10.148.135.80:7001,HLW_HG4_Domain01,redis5o65y6uq-redis-master-1-8eee4-0,10.148.134.41,2,4,100
HNSJYT-DJG-redis-134-013,ACTIVE,3,sztzyjy,jyt-134-0-23,HEALTHY,1,2025/9/19 10:29,"10.148.134.43:27001,10.148.134.41:27001,10.148.134.42:27001",4.0.14,x86,10.148.135.80:7001,HLW_HG4_Domain01,redis5o65y6uq-redis-master-2-9587a-0,10.148.134.42,2,4,100
HNSJYT-DJG-redis-134-013,ACTIVE,3,sztzyjy,jyt-134-0-23,HEALTHY,1,2025/9/19 10:29,"10.148.134.43:27001,10.148.134.41:27001,10.148.134.42:27001",4.0.14,x86,10.148.135.80:7001,HLW_HG4_Domain01,redis5o65y6uq-redis-core-1-ad42b-0,10.148.134.43,2,4,50
HNSJYT-DJG-redis-134-012,ACTIVE,3,sztzyjy,jyt-134-0-23,HEALTHY,1,2025/9/19 10:26,"10.148.134.40:27001,10.148.134.38:27001,10.148.134.39:27001",4.0.14,x86,10.148.135.79:7001,HLW_HG4_Domain01,rediss15t2kkq-redis-master-1-55a73-0,10.148.134.38,2,4,100
HNSJYT-DJG-redis-134-012,ACTIVE,3,sztzyjy,jyt-134-0-23,HEALTHY,1,2025/9/19 10:26,"10.148.134.40:27001,10.148.134.38:27001,10.148.134.39:27001",4.0.14,x86,10.148.135.79:7001,HLW_HG4_Domain01,rediss15t2kkq-redis-master-2-f4f11-0,10.148.134.39,2,4,100
HNSJYT-DJG-redis-134-012,ACTIVE,3,sztzyjy,jyt-134-0-23,HEALTHY,1,2025/9/19 10:26,"10.148.134.40:27001,10.148.134.38:27001,10.148.134.39:27001",4.0.14,x86,10.148.135.79:7001,HLW_HG4_Domain01,rediss15t2kkq-redis-core-1-eb486-0,10.148.134.40,2,4,50
HNSJYT-DJG-redis-134-011,ACTIVE,3,sztzyjy,jyt-134-0-23,HEALTHY,1,2025/9/19 10:21,"10.148.134.37:27001,10.148.134.35:27001,10.148.134.36:27001",4.0.14,x86,10.148.135.78:7001,HLW_HG4_Domain01,redis1g2988y0-redis-master-1-4fed2-0,10.148.134.35,2,4,100
HNSJYT-DJG-redis-134-011,ACTIVE,3,sztzyjy,jyt-134-0-23,HEALTHY,1,2025/9/19 10:21,"10.148.134.37:27001,10.148.134.35:27001,10.148.134.36:27001",4.0.14,x86,10.148.135.78:7001,HLW_HG4_Domain01,redis1g2988y0-redis-master-2-da696-0,10.148.134.36,2,4,100
HNSJYT-DJG-redis-134-011,ACTIVE,3,sztzyjy,jyt-134-0-23,HEALTHY,1,2025/9/19 10:21,"10.148.134.37:27001,10.148.134.35:27001,10.148.134.36:27001",4.0.14,x86,10.148.135.78:7001,HLW_HG4_Domain01,redis1g2988y0-redis-core-1-90614-0,10.148.134.37,2,4,50
HNSJYT-DJG-redis-134-010,ACTIVE,3,sztzyjy,jyt-134-0-23,HEALTHY,1,2025/9/19 10:17,"10.148.134.34:27001,10.148.134.32:27001,10.148.134.33:27001",4.0.14,x86,10.148.135.77:7001,HLW_HG4_Domain01,redisd67zhnn5-redis-master-1-87ec9-0,10.148.134.32,2,4,100
HNSJYT-DJG-redis-134-010,ACTIVE,3,sztzyjy,jyt-134-0-23,HEALTHY,1,2025/9/19 10:17,"10.148.134.34:27001,10.148.134.32:27001,10.148.134.33:27001",4.0.14,x86,10.148.135.77:7001,HLW_HG4_Domain01,redisd67zhnn5-redis-master-2-1fa39-0,10.148.134.33,2,4,100
HNSJYT-DJG-redis-134-010,ACTIVE,3,sztzyjy,jyt-134-0-23,HEALTHY,1,2025/9/19 10:17,"10.148.134.34:27001,10.148.134.32:27001,10.148.134.33:27001",4.0.14,x86,10.148.135.77:7001,HLW_HG4_Domain01,redisd67zhnn5-redis-core-1-c3367-0,10.148.134.34,2,4,50
HNSJYT-DJG-redis-134-009,ACTIVE,3,sztzyjy,jyt-134-0-23,HEALTHY,1,2025/9/19 10:13,"10.148.134.28:27001,10.148.134.26:27001,10.148.134.27:27001",4.0.14,x86,10.148.135.75:7001,HLW_HG4_Domain01,redisvf572pqo-redis-master-2-12018-0,10.148.134.27,2,4,100
HNSJYT-DJG-redis-134-009,ACTIVE,3,sztzyjy,jyt-134-0-23,HEALTHY,1,2025/9/19 10:13,"10.148.134.28:27001,10.148.134.26:27001,10.148.134.27:27001",4.0.14,x86,10.148.135.75:7001,HLW_HG4_Domain01,redisvf572pqo-redis-core-1-ab6f6-0,10.148.134.28,2,4,50
HNSJYT-DJG-redis-134-009,ACTIVE,3,sztzyjy,jyt-134-0-23,HEALTHY,1,2025/9/19 10:13,"10.148.134.28:27001,10.148.134.26:27001,10.148.134.27:27001",4.0.14,x86,10.148.135.75:7001,HLW_HG4_Domain01,redisvf572pqo-redis-master-1-e81a6-0,10.148.134.26,2,4,100
HNSJYT-DJG-redis-134-008,ACTIVE,3,sztzyjy,jyt-134-0-23,HEALTHY,1,2025/9/19 10:11,"10.148.134.25:27001,10.148.134.23:27001,10.148.134.24:27001",4.0.14,x86,10.148.135.74:7001,HLW_HG4_Domain01,redisox3vmjn9-redis-master-2-6b6ad-0,10.148.134.24,2,4,100
HNSJYT-DJG-redis-134-008,ACTIVE,3,sztzyjy,jyt-134-0-23,HEALTHY,1,2025/9/19 10:11,"10.148.134.25:27001,10.148.134.23:27001,10.148.134.24:27001",4.0.14,x86,10.148.135.74:7001,HLW_HG4_Domain01,redisox3vmjn9-redis-core-1-dba35-0,10.148.134.25,2,4,50
HNSJYT-DJG-redis-134-008,ACTIVE,3,sztzyjy,jyt-134-0-23,HEALTHY,1,2025/9/19 10:11,"10.148.134.25:27001,10.148.134.23:27001,10.148.134.24:27001",4.0.14,x86,10.148.135.74:7001,HLW_HG4_Domain01,redisox3vmjn9-redis-master-1-c62c6-0,10.148.134.23,2,4,100
HNSJYT-DJG-redis-134-007,ACTIVE,3,sztzyjy,jyt-134-0-23,HEALTHY,1,2025/9/19 10:09,"10.148.134.22:27001,10.148.134.20:27001,10.148.134.21:27001",4.0.14,x86,10.148.135.73:7001,HLW_HG4_Domain01,redisl1gx70lh-redis-core-1-cd6f4-0,10.148.134.22,2,4,50
HNSJYT-DJG-redis-134-007,ACTIVE,3,sztzyjy,jyt-134-0-23,HEALTHY,1,2025/9/19 10:09,"10.148.134.22:27001,10.148.134.20:27001,10.148.134.21:27001",4.0.14,x86,10.148.135.73:7001,HLW_HG4_Domain01,redisl1gx70lh-redis-master-2-11a28-0,10.148.134.21,2,4,100
HNSJYT-DJG-redis-134-007,ACTIVE,3,sztzyjy,jyt-134-0-23,HEALTHY,1,2025/9/19 10:09,"10.148.134.22:27001,10.148.134.20:27001,10.148.134.21:27001",4.0.14,x86,10.148.135.73:7001,HLW_HG4_Domain01,redisl1gx70lh-redis-master-1-c6c5f-0,10.148.134.20,2,4,100
HNSJYT-DJG-redis-134-006,ACTIVE,3,sztzyjy,jyt-134-0-23,HEALTHY,1,2025/9/19 10:07,"10.148.134.19:27001,10.148.134.17:27001,10.148.134.18:27001",4.0.14,x86,10.148.135.72:7001,HLW_HG4_Domain01,redis8o3wip9n-redis-master-2-8a8f6-0,10.148.134.18,2,4,100
HNSJYT-DJG-redis-134-006,ACTIVE,3,sztzyjy,jyt-134-0-23,HEALTHY,1,2025/9/19 10:07,"10.148.134.19:27001,10.148.134.17:27001,10.148.134.18:27001",4.0.14,x86,10.148.135.72:7001,HLW_HG4_Domain01,redis8o3wip9n-redis-master-1-c1402-0,10.148.134.17,2,4,100
HNSJYT-DJG-redis-134-006,ACTIVE,3,sztzyjy,jyt-134-0-23,HEALTHY,1,2025/9/19 10:07,"10.148.134.19:27001,10.148.134.17:27001,10.148.134.18:27001",4.0.14,x86,10.148.135.72:7001,HLW_HG4_Domain01,redis8o3wip9n-redis-core-1-a9533-0,10.148.134.19,2,4,50
HNSJYT-DJG-redis-134-005,ACTIVE,3,sztzyjy,jyt-134-0-23,HEALTHY,1,2025/9/19 10:00,"10.148.134.16:27001,10.148.134.14:27001,10.148.134.15:27001",4.0.14,x86,10.148.135.71:7001,HLW_HG4_Domain01,redis4r9d6s4q-redis-master-1-a71e7-0,10.148.134.14,2,4,100
HNSJYT-DJG-redis-134-005,ACTIVE,3,sztzyjy,jyt-134-0-23,HEALTHY,1,2025/9/19 10:00,"10.148.134.16:27001,10.148.134.14:27001,10.148.134.15:27001",4.0.14,x86,10.148.135.71:7001,HLW_HG4_Domain01,redis4r9d6s4q-redis-master-2-c0301-0,10.148.134.15,2,4,100
HNSJYT-DJG-redis-134-005,ACTIVE,3,sztzyjy,jyt-134-0-23,HEALTHY,1,2025/9/19 10:00,"10.148.134.16:27001,10.148.134.14:27001,10.148.134.15:27001",4.0.14,x86,10.148.135.71:7001,HLW_HG4_Domain01,redis4r9d6s4q-redis-core-1-99296-0,10.148.134.16,2,4,50
HNSJYT-DJG-redis-134-004,ACTIVE,3,sztzyjy,jyt-134-0-23,HEALTHY,1,2025/9/19 9:58,"10.148.134.13:27001,10.148.134.11:27001,10.148.134.12:27001",4.0.14,x86,10.148.135.70:7001,HLW_HG4_Domain01,redissqlzwced-redis-master-2-0c676-0,10.148.134.12,2,4,100
HNSJYT-DJG-redis-134-004,ACTIVE,3,sztzyjy,jyt-134-0-23,HEALTHY,1,2025/9/19 9:58,"10.148.134.13:27001,10.148.134.11:27001,10.148.134.12:27001",4.0.14,x86,10.148.135.70:7001,HLW_HG4_Domain01,redissqlzwced-redis-core-1-07e0d-0,10.148.134.13,2,4,50
HNSJYT-DJG-redis-134-004,ACTIVE,3,sztzyjy,jyt-134-0-23,HEALTHY,1,2025/9/19 9:58,"10.148.134.13:27001,10.148.134.11:27001,10.148.134.12:27001",4.0.14,x86,10.148.135.70:7001,HLW_HG4_Domain01,redissqlzwced-redis-master-1-1a3ce-0,10.148.134.11,2,4,100
HNSJYT-DJG-redis-134-003,ACTIVE,3,sztzyjy,jyt-134-0-23,HEALTHY,1,2025/9/19 9:56,"10.148.134.10:27001,10.148.134.8:27001,10.148.134.9:27001",4.0.14,x86,10.148.135.69:7001,HLW_HG4_Domain01,redis6t9c5cff-redis-master-1-91658-0,10.148.134.8,2,4,100
HNSJYT-DJG-redis-134-003,ACTIVE,3,sztzyjy,jyt-134-0-23,HEALTHY,1,2025/9/19 9:56,"10.148.134.10:27001,10.148.134.8:27001,10.148.134.9:27001",4.0.14,x86,10.148.135.69:7001,HLW_HG4_Domain01,redis6t9c5cff-redis-master-2-dd3fb-0,10.148.134.9,2,4,100
HNSJYT-DJG-redis-134-003,ACTIVE,3,sztzyjy,jyt-134-0-23,HEALTHY,1,2025/9/19 9:56,"10.148.134.10:27001,10.148.134.8:27001,10.148.134.9:27001",4.0.14,x86,10.148.135.69:7001,HLW_HG4_Domain01,redis6t9c5cff-redis-core-1-94d06-0,10.148.134.10,2,4,50
HNSJYT-DJG-redis-134-001,ACTIVE,3,sztzyjy,jyt-134-0-23,HEALTHY,1,2025/9/19 9:54,"10.148.134.4:27001,10.148.134.2:27001,10.148.134.3:27001",4.0.14,x86,10.148.135.67:7001,HLW_HG4_Domain01,redis07j410ys-redis-master-1-22050-0,10.148.134.2,2,4,100
HNSJYT-DJG-redis-134-001,ACTIVE,3,sztzyjy,jyt-134-0-23,HEALTHY,1,2025/9/19 9:54,"10.148.134.4:27001,10.148.134.2:27001,10.148.134.3:27001",4.0.14,x86,10.148.135.67:7001,HLW_HG4_Domain01,redis07j410ys-redis-master-2-e8dbe-0,10.148.134.3,2,4,100
HNSJYT-DJG-redis-134-001,ACTIVE,3,sztzyjy,jyt-134-0-23,HEALTHY,1,2025/9/19 9:54,"10.148.134.4:27001,10.148.134.2:27001,10.148.134.3:27001",4.0.14,x86,10.148.135.67:7001,HLW_HG4_Domain01,redis07j410ys-redis-core-1-82338-0,10.148.134.4,2,4,50
HNSJYT-DJG-redis-134-002,ACTIVE,3,sztzyjy,jyt-134-0-23,HEALTHY,1,2025/9/18 20:59,"10.148.134.7:27001,10.148.134.5:27001,10.148.134.6:27001",4.0.14,x86,10.148.135.68:7001,HLW_HG4_Domain01,redistd87d6t8-redis-master-1-5d364-0,10.148.134.5,2,4,100
HNSJYT-DJG-redis-134-002,ACTIVE,3,sztzyjy,jyt-134-0-23,HEALTHY,1,2025/9/18 20:59,"10.148.134.7:27001,10.148.134.5:27001,10.148.134.6:27001",4.0.14,x86,10.148.135.68:7001,HLW_HG4_Domain01,redistd87d6t8-redis-master-2-c8467-0,10.148.134.6,2,4,100
HNSJYT-DJG-redis-134-002,ACTIVE,3,sztzyjy,jyt-134-0-23,HEALTHY,1,2025/9/18 20:59,"10.148.134.7:27001,10.148.134.5:27001,10.148.134.6:27001",4.0.14,x86,10.148.135.68:7001,HLW_HG4_Domain01,redistd87d6t8-redis-core-1-60f51-0,10.148.134.7,2,4,50
